# SEGGER J-Link RTT Viewer V8.96 Terminal Log File
# Compiled: 16:53:53 on Dec 18 2025
# Logging started @ 31 May 2026 19:19:40
00> Memory pool size: 4096
00> Device ID 066eff484954856767150937
00> TSM 31/05/2026, 02:10 v0.9 (g18a4725.44) started
00> Starter is enabled.
00> Left side off
00> Right side off
00> IMU is not online
00> Failed to setup an IMU.
00> MEMS: MPU9250 I2C init FAILED - check bus / wiring
00> Engine: J1850 bus active -> state Off
00> [143] #1 OK  5B pri=3 Engine status<-Instrument Cluster Panel : 68 FF 61 02 FC
00> [163] #2 OK  5B pri=4 Network Control<-Engine Control Module : 8C FE 10 60 1F
00> [173] #3 OK  6B pri=1 Engine status<-Engine Control Module : 28 FF 10 01 07 07
00> [294] #4 OK  7B pri=1 RPMs<-Engine Control Module : RPM=0
00> [305] #5 OK  7B pri=2 Speedometer<-Engine Control Module : Speed=0 km/h
00> [314] #6 OK  5B pri=3 Engine status<-Engine Control Module : 68 FF 10 03 86
00> [325] #7 OK  5B pri=6 Malfunction Indicator Lamp<-Engine Control Module : MIL=off
00> [337] #8 OK  5B pri=7 Security Indicator Lamp<-Instrument Cluster Panel : SIL=off
00> [347] #9 OK  5B pri=6 Security Indicator Lamp<-Instrument Cluster Panel : SIL=off
00> [353] #10 OK  5B pri=3 Engine[2745] #51 OK  7B pri=1 RPMs<-Engine Control Module : RPM=0
00> [2810] #52 OK  7B pri=1 RPMs<-Engine Control Module : RPM=0
00> [2875] #53 OK  7B pri=1 RPMs<-Engine Control Module : RPM=0
00> [2939] #54 OK  7B pri=1 RPMs<-Engine Control Module : RPM=0
00> [3004] #55 OK  7B pri=1 RPMs<-Engine Control Module : RPM=0
00> [3069] #56 OK  7B pri=1 RPMs<-Engine Control Module : RPM=0
00> [3101] #57 OK  5B pri=3 Malfunction Indicator Lamp<-Engine Control Module : MIL=ON
00> [3113] #58 OK  5B pri=6 Security Indicator Lamp<-Instrument Cluster Panel : SIL=ON (fault/armed)
00> [3133] #59 OK  7B pri=1 RPMs<-Engine Control Module : RPM=0
00> [3165] #60 OK  5B pri=6 Malfunction Indicator Lamp<-Engine Control Module : MIL=off
00> [3176] #61 OK  5B pri=7 Security Indicator Lamp<-Instrument Cluster Panel : SIL=off
00> [3198] #62 OK  7B pri=1 RPMs<-Engine Control Module : RPM=0
00> [3263] #63 OK  7B pri=1 RPMs<-Engine Control Module : RPM=0
00> [3327] #64 OK  7B pri=1 RPMs<-Engine Control Module : RPM=0
00> [3354] #65 OK  5B pri=3 Vehicle Security<-Instrument Cluster Panel : 69 93 61 2A 54
00> [3392] #66 OK  7B pri=1 RPMs<-Engine Control Module : RPM=0
00> [3457] #67 OK  7B pri=1 RPMs<-Engine Control Module : RPM=0
00> [3521] #68 OK  7B pri=1 RPMs<-Engine Control Module : RPM=0
00> [3586] #69 OK  7B pri=1 RPMs<-Engine Control Module : RPM=0
00> [3651] #70 OK  7B pri=1 RPMs<-Engine Control Module : RPM=0
00> [3716] #71 OK  7B pri=1 RPMs<-Engine Control Module : RPM=0
00> [3780] #72 OK  7B pri=1 RPMs<-Engine Control Module : RPM=0
00> [3845] #73 OK  7B pri=1 RPMs<-Engine Control Module : RPM=0
00> [3910] #74 OK  7B pri=1 RPMs<-Engine Control Module : RPM=0
00> [3974] #75 OK  7B pri=1 RPMs<-Engine Control Module : RPM=0
00> [4039] #76 OK  7B pri=1 RPMs<-Engine Control Module : RPM=0
00> [4086] #77 OK  5B pri=3 Malfunction Indicator Lamp<-Engine Control Module : MIL=off
00> [4093] #78 OK  5B pri=6 Security Indicator Lamp<-Instrument Cluster Panel : SIL=off
00> [4104] #79 OK  7B pri=1 RPMs<-Engine Control Module : RPM=0
00> [4168] #80 OK  7B pri=1 RPMs<-Engine Control Module : RPM=0
00> [4200] #81 OK  5B pri=6 Malfunction Indicator Lamp<-Engine Control Module : MIL=off
00> [4209] #82 OK  5B pri=7 Security Indicator Lamp<-Instrument Cluster Panel : SIL=off
00> [4233] #83 OK  7B pri=1 RPMs<-Engine Control Module : RPM=0
00> [4298] #84 OK  7B pri=1 RPMs<-Engine Control Module : RPM=0
00> [4313] #85 OK  6B pri=1 Engine status<-Engine Control Module : 28 FF 10 01 07 07
00> [4362] #86 OK  7B pri=1 RPMs<-Engine Control Module : RPM=0
00> [4383] #87 OK  5B pri=3 Engine status<-HUD : 68 FF 62 03 35
00> [4411] #88 OK  5B pri=3 Engine status<-Instrument Cluster Panel : 68 FF 61 03 E1
00> [4427] #89 OK  7B pri=1 RPMs<-Engine Control Module : RPM=0
00> [4492] #90 OK  7B pri=1 RPMs<-Engine Control Module : RPM=0
00> [4557] #91 OK  7B pri=1 RPMs<-Engine Control Module : RPM=0
00> [4588] #92 OK  5B pri=3 Engine status<-Engine Control Module : 68 FF 10 03 86
00> [4621] #93 OK  7B pri=1 RPMs<-Engine Control Module : RPM=0
00> [4686] #94 OK  7B pri=1 RPMs<-Engine Control Module : RPM=0
00> [4751] #95 OK  7B pri=1 RPMs<-Engine Control Module : RPM=0
00> [4815] #96 OK  7B pri=1 RPMs<-Engine Control Module : RPM=0
00> [4880] #97 OK  7B pri=1 RPMs<-Engine Control Module : RPM=0
00> [4944] #98 OK  7B pri=1 RPMs<-Engine Control Module : RPM=0
00> [5009] #99 OK  7B pri=1 RPMs<-Engine Control Module : RPM=0
00> [5074] #100 OK  7B pri=1 RPMs<-Engine Control Module : RPM=0
00> [5088] #101 OK  5B pri=6 Security Indicator Lamp<-Instrument Cluster Panel : SIL=off
00> [5139] #102 OK  7B pri=1 RPMs<-Engine Control Module : RPM=0
00> [5203] #103 OK  7B pri=1 RPMs<-Engine Control Module : RPM=0
00> [5235] #104 OK  5B pri=6 Malfunction Indicator Lamp<-Engine Control Module : MIL=off
00> [5243] #105 OK  5B pri=7 Security Indicator Lamp<-Instrument Cluster Panel : SIL=off
00> [5268] #106 OK  7B pri=1 RPMs<-Engine Control Module : RPM=0
00> [5333] #107 OK  7B pri=1 RPMs<-Engine Control Module : RPM=0
00> [5397] #108 OK  7B pri=1 RPMs<-Engine Control Module : RPM=0
00> [5462] #109 OK  7B pri=1 RPMs<-Engine Control Module : RPM=0
00> [5526] #110 OK  7B pri=1 RPMs<-Engine Control Module : RPM=0
00> [5591] #111 OK  7B pri=1 RPMs<-Engine Control Module : RPM=0
00> [5656] #112 OK  7B pri=1 RPMs<-Engine Control Module : RPM=0
00> [5716] #113 OK  5B pri=3 Vehicle Security<-Instrument Cluster Panel : 69 93 61 2A 54
00> [5785] #114 OK  7B pri=1 RPMs<-Engine Control Module : RPM=0
00> [5850] #115 OK  7B pri=1 RPMs<-Engine Control Module : RPM=0
00> [5915] #116 OK  7B pri=1 RPMs<-Engine Control Module : RPM=0
00> [5979] #117 OK  7B pri=1 RPMs<-Engine Control Module : RPM=0
00> [6044] #118 OK  7B pri=1 RPMs<-Engine Control Module : RPM=0
00> [6059] #119 OK  5B pri=3 Malfunction Indicator Lamp<-Engine Control Module : MIL=off
00> [6067] #120 OK  5B pri=6 Security Indicator Lamp<-Instrument Cluster Panel : SIL=off
00> [6109] #121 OK  7B pri=1 RPMs<-Engine Control Module : RPM=0
00> [6173] #122 OK  7B pri=1 RPMs<-Engine Control Module : RPM=0
00> [6238] #123 OK  7B pri=1 RPMs<-Engine Control Module : RPM=0
00> [6270] #124 OK  5B pri=6 Malfunction Indicator Lamp<-Engine Control Module : MIL=off
00> [6277] #125 OK  5B pri=7 Security Indicator Lamp<-Instrument Cluster Panel : SIL=off
00> [6303] #126 OK  7B pri=1 RPMs<-Engine Control Module : RPM=0
00> [6367] #127 OK  7B pri=1 RPMs<-Engine Control Module : RPM=0
00> [6400] #128 OK  5B pri=3 Engine status<-Instrument Cluster Panel : 68 FF 61 03 E1
00> [6432] #129 OK  7B pri=1 RPMs<-Engine Control Module : RPM=0
00> [6497] #130 OK  7B pri=1 RPMs<-Engine Control Module : RPM=0
00> [6562] #131 OK  7B pri=1 RPMs<-Engine Control Module : RPM=0
00> [6626] #132 OK  7B pri=1 RPMs<-Engine Control Module : RPM=0
00> [6658] #133 OK  5B pri=3 Engine status<-Engine Control Module : 68 FF 10 03 86
00> [6691] #134 OK  7B pri=1 RPMs<-Engine Control Module : RPM=0
00> [6756] #135 OK  7B pri=1 RPMs<-Engine Control Module : RPM=0
00> [6820] #136 OK  7B pri=1 RPMs<-Engine Control Module : RPM=0
00> [6885] #137 OK  7B pri=1 RPMs<-Engine Control Module : RPM=0
00> [6950] #138 OK  7B pri=1 RPMs<-Engine Control Module : RPM=0
00> [7014] #139 OK  7B pri=1 RPMs<-Engine Control Module : RPM=0
00> [7046] #140 OK  5B pri=3 Malfunction Indicator Lamp<-Engine Control Module : MIL=off
00> [7054] #141 OK  5B pri=6 Security Indicator Lamp<-Instrument Cluster Panel : SIL=off
00> [7079] #142 OK  7B pri=1 RPMs<-Engine Control Module : RPM=0
00> [7144] #143 OK  7B pri=1 RPMs<-Engine Control Module : RPM=0
00> [7208] #144 OK  7B pri=1 RPMs<-Engine Control Module : RPM=0
00> [7273] #145 OK  7B pri=1 RPMs<-Engine Control Module : RPM=0
00> [7304] #146 OK  5B pri=6 Malfunction Indicator Lamp<-Engine Control Module : MIL=off
00> [7318] #147 OK  5B pri=7 Security Indicator Lamp<-Instrument Cluster Panel : SIL=off
00> [7338] #148 OK  7B pri=1 RPMs<-Engine Control Module : RPM=0
00> [7402] #149 OK  7B pri=1 RPMs<-Engine Control Module : RPM=0
00> [7467] #150 OK  7B pri=1 RPMs<-Engine Control Module : RPM=0
00> [7532] #151 OK  7B pri=1 RPMs<-Engine Control Module : RPM=0
00> [7596] #152 OK  7B pri=1 RPMs<-Engine Control Module : RPM=0
00> [7661] #153 OK  7B pri=1 RPMs<-Engine Control Module : RPM=0
00> [7726] #154 OK  7B pri=1 RPMs<-Engine Control Module : RPM=0
00> [7790] #155 OK  7B pri=1 RPMs<-Engine Control Module : RPM=0
00> [7855] #156 OK  7B pri=1 RPMs<-Engine Control Module : RPM=0
00> [7920] #157 OK  7B pri=1 RPMs<-Engine Control Module : RPM=0
00> [7985] #158 OK  7B pri=1 RPMs<-Engine Control Module : RPM=0
00> [8032] #159 OK  5B pri=3 Malfunction Indicator Lamp<-Engine Control Module : MIL=off
00> [8041] #160 OK  5B pri=6 Security Indicator Lamp<-Instrument Cluster Panel : SIL=off
00> [8049] #161 OK  7B pri=1 RPMs<-Engine Control Module : RPM=0
00> [8114] #162 OK  7B pri=1 RPMs<-Engine Control Module : RPM=0
00> [8179] #163 OK  7B pri=1 RPMs<-Engine Control Module : RPM=0
00> [8243] #164 OK  7B pri=1 RPMs<-Engine Control Module : RPM=0
00> [8308] #165 OK  7B pri=1 RPMs<-Engine Control Module : RPM=0
00> [8322] #166 OK  6B pri=1 Engine status<-Engine Control Module : 28 FF 10 01 07 07
00> [8340] #167 OK  5B pri=6 Malfunction Indicator Lamp<-Engine Control Module : MIL=off
00> [8352] #168 OK  5B pri=7 Security Indicator Lamp<-Instrument Cluster Panel : SIL=off
00> [8362] #169 OK  5B pri=3 Engine status<-HUD : 68 FF 62 03 35
00> [8373] #170 OK  7B pri=1 RPMs<-Engine Control Module : RPM=0
00> [8390] #171 OK  5B pri=3 Engine status<-Instrument Cluster Panel : 68 FF 61 03 E1
00> [8437] #172 OK  7B pri=1 RPMs<-Engine Control Module : RPM=0
00> [8502] #173 OK  7B pri=1 RPMs<-Engine Control Module : RPM=0
00> [8567] #174 OK  7B pri=1 RPMs<-Engine Control Module : RPM=0
00> [8631] #175 OK  7B pri=1 RPMs<-Engine Control Module : RPM=0
00> [8696] #176 OK  7B pri=1 RPMs<-Engine Control Module : RPM=0
00> [8727] #177 OK  5B pri=3 Engine status<-Engine Control Module : 68 FF 10 03 86
00> [8761] #178 OK  7B pri=1 RPMs<-Engine Control Module : RPM=0
00> [8825] #179 OK  7B pri=1 RPMs<-Engine Control Module : RPM=0
00> [8890] #180 OK  7B pri=1 RPMs<-Engine Control Module : RPM=0
00> [8955] #181 OK  7B pri=1 RPMs<-Engine Control Module : RPM=0
00> [9020] #182 OK  7B pri=1 RPMs<-Engine Control Module : RPM=0
00> [9036] #183 OK  5B pri=6 Security Indicator Lamp<-Instrument Cluster Panel : SIL=off
00> [9084] #184 OK  7B pri=1 RPMs<-Engine Control Module : RPM=0
00> [9149] #185 OK  7B pri=1 RPMs<-Engine Control Module : RPM=0
00> [9214] #186 OK  7B pri=1 RPMs<-Engine Control Module : RPM=0
00> [9278] #187 OK  7B pri=1 RPMs<-Engine Control Module : RPM=0
00> [9343] #188 OK  7B pri=1 RPMs<-Engine Control Module : RPM=0
00> [9375] #189 OK  5B pri=6 Malfunction Indicator Lamp<-Engine Control Module : MIL=off
00> [9385] #190 OK  5B pri=7 Security Indicator Lamp<-Instrument Cluster Panel : SIL=off
00> [9408] #191 OK  7B pri=1 RPMs<-Engine Control Module : RPM=0
00> [9473] #192 OK  7B pri=1 RPMs<-Engine Control Module : RPM=0
00> [9537] #193 OK  7B pri=1 RPMs<-Engine Control Module : RPM=0
00> [9602] #194 OK  7B pri=1 RPMs<-Engine Control Module : RPM=0
00> [9666] #195 OK  7B pri=1 RPMs<-Engine Control Module : RPM=0
00> [9731] #196 OK  7B pri=1 RPMs<-Engine Control Module : RPM=0
00> [9796] #197 OK  7B pri=1 RPMs<-Engine Control Module : RPM=0
00> [9861] #198 OK  7B pri=1 RPMs<-Engine Control Module : RPM=0
00> [9925] #199 OK  7B pri=1 RPMs<-Engine Control Module : RPM=0
00> [9990] #200 OK  7B pri=1 RPMs<-Engine Control Module : RPM=0
00> [10005] #201 OK  5B pri=3 Malfunction Indicator Lamp<-Engine Control Module : MIL=off
00> [10015] #202 OK  5B pri=6 Security Indicator Lamp<-Instrument Cluster Panel : SIL=off
00> [10055] #203 OK  7B pri=1 RPMs<-Engine Control Module : RPM=0
00> [10119] #204 OK  7B pri=1 RPMs<-Engine Control Module : RPM=0
00> [10184] #205 OK  7B pri=1 RPMs<-Engine Control Module : RPM=0
00> [10249] #206 OK  7B pri=1 RPMs<-Engine Control Module : RPM=0
00> [10314] #207 OK  7B pri=1 RPMs<-Engine Control Module : RPM=0
00> [10325] #208 OK  6B pri=1 Engine status<-Engine Control Module : 28 FF 10 01 07 07
00> [10352] #209 OK  5B pri=3 Engine status<-HUD : 68 FF 62 03 35
00> [10378] #210 OK  7B pri=1 RPMs<-Engine Control Module : RPM=0
00> [10410] #211 OK  5B pri=6 Malfunction Indicator Lamp<-Engine Control Module : MIL=off
00> [10419] #212 OK  5B pri=7 Security Indicator Lamp<-Instrument Cluster Panel : SIL=off
00> [10443] #213 OK  7B pri=1 RPMs<-Engine Control Module : RPM=0
00> [10508] #214 OK  7B pri=1 RPMs<-Engine Control Module : RPM=0
00> [10572] #215 OK  7B pri=1 RPMs<-Engine Control Module : RPM=0
00> [10637] #216 OK  7B pri=1 RPMs<-Engine Control Module : RPM=0
00> [10701] #217 OK  7B pri=1 RPMs<-Engine Control Module : RPM=0
00> [10766] #218 OK  7B pri=1 RPMs<-Engine Control Module : RPM=0
00> [10798] #219 OK  5B pri=3 Engine status<-Engine Control Module : 68 FF 10 03 86
00> [10831] #220 OK  7B pri=1 RPMs<-Engine Control Module : RPM=0
00> [10896] #221 OK  7B pri=1 RPMs<-Engine Control Module : RPM=0
00> [10960] #222 OK  7B pri=1 RPMs<-Engine Control Module : RPM=0
00> [10992] #223 OK  5B pri=3 Malfunction Indicator Lamp<-Engine Control Module : MIL=off
00> [11002] #224 OK  5B pri=6 Security Indicator Lamp<-Instrument Cluster Panel : SIL=off
00> [11025] #225 OK  7B pri=1 RPMs<-Engine Control Module : RPM=0
00> [11090] #226 OK  7B pri=1 RPMs<-Engine Control Module : RPM=0
00> [11154] #227 OK  7B pri=1 RPMs<-Engine Control Module : RPM=0
00> [11219] #228 OK  7B pri=1 RPMs<-Engine Control Module : RPM=0
00> [11284] #229 OK  7B pri=1 RPMs<-Engine Control Module : RPM=0
00> [11348] #230 OK  7B pri=1 RPMs<-Engine Control Module : RPM=0
00> [11413] #231 OK  7B pri=1 RPMs<-Engine Control Module : RPM=0
00> [11445] #232 OK  5B pri=6 Malfunction Indicator Lamp<-Engine Control Module : MIL=off
00> [11453] #233 OK  5B pri=7 Security Indicator Lamp<-Instrument Cluster Panel : SIL=off
00> [11478] #234 OK  7B pri=1 RPMs<-Engine Control Module : RPM=0
00> [11542] #235 OK  7B pri=1 RPMs<-Engine Control Module : RPM=0
00> [11607] #236 OK  7B pri=1 RPMs<-Engine Control Module : RPM=0
00> [11672] #237 OK  7B pri=1 RPMs<-Engine Control Module : RPM=0
00> [11737] #238 OK  7B pri=1 RPMs<-Engine Control Module : RPM=0
00> [11801] #239 OK  7B pri=1 RPMs<-Engine Control Module : RPM=0
00> [11866] #240 OK  7B pri=1 RPMs<-Engine Control Module : RPM=0
00> [11931] #241 OK  7B pri=1 RPMs<-Engine Control Module : RPM=0
00> [11978] #242 OK  5B pri=3 Malfunction Indicator Lamp<-Engine Control Module : MIL=off
00> [11989] #243 OK  5B pri=6 Security Indicator Lamp<-Instrument Cluster Panel : SIL=off
00> [11995] #244 OK  7B pri=1 RPMs<-Engine Control Module : RPM=0
00> [12060] #245 OK  7B pri=1 RPMs<-Engine Control Module : RPM=0
00> [12125] #246 OK  7B pri=1 RPMs<-Engine Control Module : RPM=0
00> [12149] #247 OK  8B pri=3 Scanner<-Engine Control Module : DTC reply src=0x10
00> [12189] #248 OK  7B pri=1 RPMs<-Engine Control Module : RPM=0
00> [12254] #249 OK  7B pri=1 RPMs<-Engine Control Module : RPM=0
00> [12319] #250 OK  7B pri=1 RPMs<-Engine Control Module : RPM=0
00> [12330] #251 OK  6B pri=1 Engine status<-Engine Control Module : 28 FF 10 01 07 07
00> [12369] #253 OK  5B pri=3 Engine status<-Instrument Cluster Panel : 68 FF 61 03 E1
00> [12383] #254 OK  7B pri=1 RPMs<-Engine Control Module : RPM=0
00> [12448] #255 OK  7B pri=1 RPMs<-Engine Control Module : RPM=0
00> [12480] #256 OK  5B pri=6 Malfunction Indicator Lamp<-Engine Control Module : MIL=off
00> [12487] #257 OK  5B pri=7 Security Indicator Lamp<-Instrument Cluster Panel : SIL=off
00> [12513] #258 OK  7B pri=1 RPMs<-Engine Control Module : RPM=0
00> [12578] #259 OK  7B pri=1 RPMs<-Engine Control Module : RPM=0
00> [12642] #260 OK  7B pri=1 RPMs<-Engine Control Module : RPM=0
00> [12707] #261 OK  7B pri=1 RPMs<-Engine Control Module : RPM=0
00> [12772] #262 OK  7B pri=1 RPMs<-Engine Control Module : RPM=0
00> [12836] #263 OK  7B pri=1 RPMs<-Engine Control Module : RPM=0
00> [12868] #264 OK  5B pri=3 Engine status<-Engine Control Module : 68 FF 10 03 86
00> [12901] #265 OK  7B pri=1 RPMs<-Engine Control Module : RPM=0
00> [12966] #266 OK  7B pri=1 RPMs<-Engine Control Module : RPM=0
00> [12977] #267 OK  5B pri=6 Security Indicator Lamp<-Instrument Cluster Panel : SIL=off
00> [13031] #268 OK  7B pri=1 RPMs<-Engine Control Module : RPM=0
00> [13095] #269 OK  7B pri=1 RPMs<-Engine Control Module : RPM=0
00> [13160] #270 OK  7B pri=1 RPMs<-Engine Control Module : RPM=0
00> [13224] #271 OK  7B pri=1 RPMs<-Engine Control Module : RPM=0
00> [13289] #272 OK  7B pri=1 RPMs<-Engine Control Module : RPM=0
00> [13354] #273 OK  7B pri=1 RPMs<-Engine Control Module : RPM=0
00> [13419] #274 OK  7B pri=1 RPMs<-Engine Control Module : RPM=0
00> [13483] #275 OK  7B pri=1 RPMs<-Engine Control Module : RPM=0
00> [13515] #276 OK  5B pri=6 Malfunction Indicator Lamp<-Engine Control Module : MIL=off
00> [13528] #277 OK  5B pri=7 Security Indicator Lamp<-Instrument Cluster Panel : SIL=off
00> [13548] #278 OK  7B pri=1 RPMs<-Engine Control Module : RPM=0
00> [13612] #279 OK  7B pri=1 RPMs<-Engine Control Module : RPM=0
00> [13677] #280 OK  7B pri=1 RPMs<-Engine Control Module : RPM=0
00> [13742] #281 OK  7B pri=1 RPMs<-Engine Control Module : RPM=0
00> [13807] #282 OK  7B pri=1 RPMs<-Engine Control Module : RPM=0
00> [13871] #283 OK  7B pri=1 RPMs<-Engine Control Module : RPM=0
00> [13936] #284 OK  7B pri=1 RPMs<-Engine Control Module : RPM=0
00> [13951] #285 OK  5B pri=3 Malfunction Indicator Lamp<-Engine Control Module : MIL=off
00> [13963] #286 OK  5B pri=6 Security Indicator Lamp<-Instrument Cluster Panel : SIL=off
00> [14001] #287 OK  7B pri=1 RPMs<-Engine Control Module : RPM=0
00> [14065] #288 OK  7B pri=1 RPMs<-Engine Control Module : RPM=0
00> [14130] #289 OK  7B pri=1 RPMs<-Engine Control Module : RPM=0
00> [14195] #290 OK  7B pri=1 RPMs<-Engine Control Module : RPM=0
00> [14259] #291 OK  7B pri=1 RPMs<-Engine Control Module : RPM=0
00> [14359] #293 OK  5B pri=3 Engine status<-Instrument Cluster Panel : 68 FF 61 03 E1
00> [14389] #294 OK  7B pri=1 RPMs<-Engine Control Module : RPM=0
00> [14454] #295 OK  7B pri=1 RPMs<-Engine Control Module : RPM=0
00> [14518] #296 OK  7B pri=1 RPMs<-Engine Control Module : RPM=0
00> [14550] #297 OK  5B pri=6 Malfunction Indicator Lamp<-Engine Control Module : MIL=off
00> [14562] #298 OK  5B pri=7 Security Indicator Lamp<-Instrument Cluster Panel : SIL=off
00> [14583] #299 OK  7B pri=1 RPMs<-Engine Control Module : RPM=0
00> [14648] #300 OK  7B pri=1 RPMs<-Engine Control Module : RPM=0
00> [14712] #301 OK  7B pri=1 RPMs<-Engine Control Module : RPM=0
00> [14777] #302 OK  7B pri=1 RPMs<-Engine Control Module : RPM=0
00> [14842] #303 OK  7B pri=1 RPMs<-Engine Control Module : RPM=0
00> [14906] #304 OK  7B pri=1 RPMs<-Engine Control Module : RPM=0
00> [14937] #305 OK  5B pri=3 Malfunction Indicator Lamp<-Engine Control Module : MIL=off
00> [14951] #306 OK  5B pri=6 Security Indicator Lamp<-Instrument Cluster Panel : SIL=off
00> [14971] #307 OK  7B pri=1 RPMs<-Engine Control Module : RPM=0
00> [15036] #308 OK  7B pri=1 RPMs<-Engine Control Module : RPM=0
00> [15100] #309 OK  7B pri=1 RPMs<-Engine Control Module : RPM=0
00> [15165] #310 OK  7B pri=1 RPMs<-Engine Control Module : RPM=0
00> [15230] #311 OK  7B pri=1 RPMs<-Engine Control Module : RPM=0
00> [15295] #312 OK  7B pri=1 RPMs<-Engine Control Module : RPM=0
00> [15359] #313 OK  7B pri=1 RPMs<-Engine Control Module : RPM=0
00> [15424] #314 OK  7B pri=1 RPMs<-Engine Control Module : RPM=0
00> [15489] #315 OK  7B pri=1 RPMs<-Engine Control Module : RPM=0
00> [15553] #316 OK  7B pri=1 RPMs<-Engine Control Module : RPM=0
00> [15585] #317 OK  5B pri=6 Malfunction Indicator Lamp<-Engine Control Module : MIL=off
00> [15596] #318 OK  5B pri=7 Security Indicator Lamp<-Instrument Cluster Panel : SIL=off
00> [15618] #319 OK  7B pri=1 RPMs<-Engine Control Module : RPM=0
00> [15683] #320 OK  7B pri=1 RPMs<-Engine Control Module : RPM=0
00> [15747] #321 OK  7B pri=1 RPMs<-Engine Control Module : RPM=0
00> [15812] #322 OK  7B pri=1 RPMs<-Engine Control Module : RPM=0
00> [15877] #323 OK  7B pri=1 RPMs<-Engine Control Module : RPM=0
00> [15924] #324 OK  5B pri=3 Malfunction Indicator Lamp<-Engine Control Module : MIL=off
00> [15938] #325 OK  5B pri=6 Security Indicator Lamp<-Instrument Cluster Panel : SIL=off
00> [16006] #326 OK  7B pri=1 RPMs<-Engine Control Module : RPM=0
00> [16071] #327 OK  7B pri=1 RPMs<-Engine Control Module : RPM=0
00> [16135] #328 OK  7B pri=1 RPMs<-Engine Control Module : RPM=0
00> [16200] #329 OK  7B pri=1 RPMs<-Engine Control Module : RPM=0
00> [16265] #330 OK  7B pri=1 RPMs<-Engine Control Module : RPM=0
00> [16321] #331 OK  5B pri=3 Engine status<-HUD : 68 FF 62 03 35
00> [16343] #333 OK  6B pri=1 Engine status<-Engine Control Module : 28 FF 10 01 07 07
00> [16350] #334 OK  5B pri=3 Engine status<-Instrument Cluster Panel : 68 FF 61 03 E1
00> [16394] #335 OK  7B pri=1 RPMs<-Engine Control Module : RPM=0
00> [16459] #336 OK  7B pri=1 RPMs<-Engine Control Module : RPM=0
00> [16524] #337 OK  7B pri=1 RPMs<-Engine Control Module : RPM=0
00> [16588] #338 OK  7B pri=1 RPMs<-Engine Control Module : RPM=0
00> [16620] #339 OK  5B pri=6 Malfunction Indicator Lamp<-Engine Control Module : MIL=off
00> [16629] #340 OK  5B pri=7 Security Indicator Lamp<-Instrument Cluster Panel : SIL=off
00> [16653] #341 OK  7B pri=1 RPMs<-Engine Control Module : RPM=0
00> [16718] #342 OK  7B pri=1 RPMs<-Engine Control Module : RPM=0
00> [16782] #343 OK  7B pri=1 RPMs<-Engine Control Module : RPM=0
00> [16847] #344 OK  7B pri=1 RPMs<-Engine Control Module : RPM=0
00> [16912] #345 OK  7B pri=1 RPMs<-Engine Control Module : RPM=0
00> [16926] #346 OK  5B pri=6 Security Indicator Lamp<-Instrument Cluster Panel : SIL=off
00> [16976] #347 OK  7B pri=1 RPMs<-Engine Control Module : RPM=0
00> [17008] #348 OK  5B pri=3 Engine status<-Engine Control Module : 68 FF 10 03 86
00> [17041] #349 OK  7B pri=1 RPMs<-Engine Control Module : RPM=0
00> [17106] #350 OK  7B pri=1 RPMs<-Engine Control Module : RPM=0
00> [17170] #351 OK  7B pri=1 RPMs<-Engine Control Module : RPM=0
00> [17235] #352 OK  7B pri=1 RPMs<-Engine Control Module : RPM=0
00> [17300] #353 OK  7B pri=1 RPMs<-Engine Control Module : RPM=0
00> [17364] #354 OK  7B pri=1 RPMs<-Engine Control Module : RPM=0
00> [17429] #355 OK  7B pri=1 RPMs<-Engine Control Module : RPM=0
00> [17494] #356 OK  7B pri=1 RPMs<-Engine Control Module : RPM=0
00> [17559] #357 OK  7B pri=1 RPMs<-Engine Control Module : RPM=0
00> [17623] #358 OK  7B pri=1 RPMs<-Engine Control Module : RPM=0
00> [17655] #359 OK  5B pri=6 Malfunction Indicator Lamp<-Engine Control Module : MIL=off
00> [17663] #360 OK  5B pri=7 Security Indicator Lamp<-Instrument Cluster Panel : SIL=off
00> [17688] #361 OK  7B pri=1 RPMs<-Engine Control Module : RPM=0
00> [17753] #362 OK  7B pri=1 RPMs<-Engine Control Module : RPM=0
00> [17817] #363 OK  7B pri=1 RPMs<-Engine Control Module : RPM=0
00> [17882] #364 OK  7B pri=1 RPMs<-Engine Control Module : RPM=0
00> [17897] #365 OK  5B pri=3 Malfunction Indicator Lamp<-Engine Control Module : MIL=off
00> [17904] #366 OK  5B pri=6 Security Indicator Lamp<-Instrument Cluster Panel : SIL=off
00> [17947] #367 OK  7B pri=1 RPMs<-Engine Control Module : RPM=0
00> [18011] #368 OK  7B pri=1 RPMs<-Engine Control Module : RPM=0
00> [18076] #369 OK  7B pri=1 RPMs<-Engine Control Module : RPM=0
00> [18141] #370 OK  7B pri=1 RPMs<-Engine Control Module : RPM=0
00> [18206] #371 OK  7B pri=1 RPMs<-Engine Control Module : RPM=0
00> [18270] #372 OK  7B pri=1 RPMs<-Engine Control Module : RPM=0
00> [18311] #373 OK  5B pri=3 Engine status<-HUD : 68 FF 62 03 35
00> [18346] #375 OK  5B pri=3 Engine status<-Instrument Cluster Panel : 68 FF 61 03 E1
00> [18400] #376 OK  7B pri=1 RPMs<-Engine Control Module : RPM=0
00> [18464] #377 OK  7B pri=1 RPMs<-Engine Control Module : RPM=0
00> [18529] #378 OK  7B pri=1 RPMs<-Engine Control Module : RPM=0
00> [18594] #379 OK  7B pri=1 RPMs<-Engine Control Module : RPM=0
00> [18658] #380 OK  7B pri=1 RPMs<-Engine Control Module : RPM=0
00> [18690] #381 OK  5B pri=6 Malfunction Indicator Lamp<-Engine Control Module : MIL=off
00> [18697] #382 OK  5B pri=7 Security Indicator Lamp<-Instrument Cluster Panel : SIL=off
00> [18723] #383 OK  7B pri=1 RPMs<-Engine Control Module : RPM=0
00> [18788] #384 OK  7B pri=1 RPMs<-Engine Control Module : RPM=0
00> [18853] #385 OK  7B pri=1 RPMs<-Engine Control Module : RPM=0
00> [18883] #386 OK  5B pri=3 Malfunction Indicator Lamp<-Engine Control Module : MIL=off
00> [18891] #387 OK  5B pri=6 Security Indicator Lamp<-Instrument Cluster Panel : SIL=off
00> [18917] #388 OK  7B pri=1 RPMs<-Engine Control Module : RPM=0
00> [18982] #389 OK  7B pri=1 RPMs<-Engine Control Module : RPM=0
00> [19047] #390 OK  7B pri=1 RPMs<-Engine Control Module : RPM=0
00> [19078] #391 OK  5B pri=3 Engine status<-Engine Control Module : 68 FF 10 03 86
00> [19111] #392 OK  7B pri=1 RPMs<-Engine Control Module : RPM=0
00> [19176] #393 OK  7B pri=1 RPMs<-Engine Control Module : RPM=0
00> [19241] #394 OK  7B pri=1 RPMs<-Engine Control Module : RPM=0
00> [19305] #395 OK  7B pri=1 RPMs<-Engine Control Module : RPM=0
00> [19370] #396 OK  7B pri=1 RPMs<-Engine Control Module : RPM=0
00> [19435] #397 OK  7B pri=1 RPMs<-Engine Control Module : RPM=0
00> [19500] #398 OK  7B pri=1 RPMs<-Engine Control Module : RPM=0
00> [19564] #399 OK  7B pri=1 RPMs<-Engine Control Module : RPM=0
00> [19629] #400 OK  7B pri=1 RPMs<-Engine Control Module : RPM=0
00> [19693] #401 OK  7B pri=1 RPMs<-Engine Control Module : RPM=0
00> [19725] #402 OK  5B pri=6 Malfunction Indicator Lamp<-Engine Control Module : MIL=off
00> [19739] #403 OK  5B pri=7 Security Indicator Lamp<-Instrument Cluster Panel : SIL=off
00> [19758] #404 OK  7B pri=1 RPMs<-Engine Control Module : RPM=0
00> [19823] #405 OK  7B pri=1 RPMs<-Engine Control Module : RPM=0
00> [19871] #406 OK  5B pri=3 Malfunction Indicator Lamp<-Engine Control Module : MIL=off
00> [19878] #407 OK  5B pri=6 Security Indicator Lamp<-Instrument Cluster Panel : SIL=off
00> [19888] #408 OK  7B pri=1 RPMs<-Engine Control Module : RPM=0
00> [19952] #409 OK  7B pri=1 RPMs<-Engine Control Module : RPM=0
00> [20017] #410 OK  7B pri=1 RPMs<-Engine Control Module : RPM=0
00> [20082] #411 OK  7B pri=1 RPMs<-Engine Control Module : RPM=0
00> [20146] #412 OK  7B pri=1 RPMs<-Engine Control Module : RPM=0
00> [20211] #413 OK  7B pri=1 RPMs<-Engine Control Module : RPM=0
00> [20276] #414 OK  7B pri=1 RPMs<-Engine Control Module : RPM=0
00> [20301] #415 OK  5B pri=3 Engine status<-HUD : 68 FF 62 03 35
00> [20329] #416 OK  5B pri=3 Engine status<-Instrument Cluster Panel : 68 FF 61 03 E1
00> [20405] #418 OK  7B pri=1 RPMs<-Engine Control Module : RPM=0
00> [20470] #419 OK  7B pri=1 RPMs<-Engine Control Module : RPM=0
00> [20534] #420 OK  7B pri=1 RPMs<-Engine Control Module : RPM=0
00> [20599] #421 OK  7B pri=1 RPMs<-Engine Control Module : RPM=0
00> [20664] #422 OK  7B pri=1 RPMs<-Engine Control Module : RPM=0
00> [20729] #423 OK  7B pri=1 RPMs<-Engine Control Module : RPM=0
00> [20760] #424 OK  5B pri=6 Malfunction Indicator Lamp<-Engine Control Module : MIL=off
00> [20772] #425 OK  5B pri=7 Security Indicator Lamp<-Instrument Cluster Panel : SIL=off
00> [20793] #426 OK  7B pri=1 RPMs<-Engine Control Module : RPM=0
00> [20858] #427 OK  7B pri=1 RPMs<-Engine Control Module : RPM=0
00> [20873] #428 OK  5B pri=6 Security Indicator Lamp<-Instrument Cluster Panel : SIL=off
00> [20923] #429 OK  7B pri=1 RPMs<-Engine Control Module : RPM=0
00> [20987] #430 OK  7B pri=1 RPMs<-Engine Control Module : RPM=0
00> [21052] #431 OK  7B pri=1 RPMs<-Engine Control Module : RPM=0
00> [21117] #432 OK  7B pri=1 RPMs<-Engine Control Module : RPM=0
00> [21148] #433 OK  5B pri=3 Engine status<-Engine Control Module : 68 FF 10 03 86
00> [21182] #434 OK  7B pri=1 RPMs<-Engine Control Module : RPM=0
00> [21246] #435 OK  7B pri=1 RPMs<-Engine Control Module : RPM=0
00> [21311] #436 OK  7B pri=1 RPMs<-Engine Control Module : RPM=0
00> [21375] #437 OK  7B pri=1 RPMs<-Engine Control Module : RPM=0
00> [21440] #438 OK  7B pri=1 RPMs<-Engine Control Module : RPM=0
00> [21505] #439 OK  7B pri=1 RPMs<-Engine Control Module : RPM=0
00> [21570] #440 OK  7B pri=1 RPMs<-Engine Control Module : RPM=0
00> [21634] #441 OK  7B pri=1 RPMs<-Engine Control Module : RPM=0
00> [21699] #442 OK  7B pri=1 RPMs<-Engine Control Module : RPM=0
00> [21764] #443 OK  7B pri=1 RPMs<-Engine Control Module : RPM=0
00> [21796] #444 OK  5B pri=6 Malfunction Indicator Lamp<-Engine Control Module : MIL=off
00> [21806] #445 OK  5B pri=7 Security Indicator Lamp<-Instrument Cluster Panel : SIL=off
00> [21829] #446 OK  7B pri=1 RPMs<-Engine Control Module : RPM=0
00> [21843] #447 OK  5B pri=3 Malfunction Indicator Lamp<-Engine Control Module : MIL=off
00> [21853] #448 OK  5B pri=6 Security Indicator Lamp<-Instrument Cluster Panel : SIL=off
00> [21893] #449 OK  7B pri=1 RPMs<-Engine Control Module : RPM=0
00> [21958] #450 OK  7B pri=1 RPMs<-Engine Control Module : RPM=0
00> [22023] #451 OK  7B pri=1 RPMs<-Engine Control Module : RPM=0
00> [22087] #452 OK  7B pri=1 RPMs<-Engine Control Module : RPM=0
00> [22152] #453 OK  7B pri=1 RPMs<-Engine Control Module : RPM=0
00> [22217] #454 OK  7B pri=1 RPMs<-Engine Control Module : RPM=0
00> [22281] #455 OK  7B pri=1 RPMs<-Engine Control Module : RPM=0
00> [22291] #456 OK  5B pri=3 Engine status<-HUD : 68 FF 62 03 35
00> [22319] #457 OK  5B pri=3 Engine status<-Instrument Cluster Panel : 68 FF 61 03 E1
00> [22355] #458 OK  6B pri=1 Engine status<-Engine Control Module : 28 FF 10 01 07 07
00> [22411] #459 OK  7B pri=1 RPMs<-Engine Control Module : RPM=0
00> [22475] #460 OK  7B pri=1 RPMs<-Engine Control Module : RPM=0
00> [22540] #461 OK  7B pri=1 RPMs<-Engine Control Module : RPM=0
00> [22605] #462 OK  7B pri=1 RPMs<-Engine Control Module : RPM=0
00> [22670] #463 OK  7B pri=1 RPMs<-Engine Control Module : RPM=0
00> [22734] #464 OK  7B pri=1 RPMs<-Engine Control Module : RPM=0
00> [22799] #465 OK  7B pri=1 RPMs<-Engine Control Module : RPM=0
00> [22831] #466 OK  5B pri=3 Malfunction Indicator Lamp<-Engine Control Module : MIL=off
00> [22840] #467 OK  5B pri=6 Security Indicator Lamp<-Instrument Cluster Panel : SIL=off
00> [22848] #468 OK  5B pri=7 Security Indicator Lamp<-Instrument Cluster Panel : SIL=off
00> [22864] #469 OK  7B pri=1 RPMs<-Engine Control Module : RPM=0
00> [22928] #470 OK  7B pri=1 RPMs<-Engine Control Module : RPM=0
00> [22967] #471 OK  8B pri=3 Scanner<-Engine Control Module : DTC reply src=0x10
00> [22993] #472 OK  7B pri=1 RPMs<-Engine Control Module : RPM=0
00> [23057] #473 OK  7B pri=1 RPMs<-Engine Control Module : RPM=0
00> [23122] #474 OK  7B pri=1 RPMs<-Engine Control Module : RPM=0
00> [23187] #475 OK  7B pri=1 RPMs<-Engine Control Module : RPM=0
00> [23219] #476 OK  5B pri=3 Engine status<-Engine Control Module : 68 FF 10 03 86
00> [23252] #477 OK  7B pri=1 RPMs<-Engine Control Module : RPM=0
00> [23317] #478 OK  7B pri=1 RPMs<-Engine Control Module : RPM=0
00> [23381] #479 OK  7B pri=1 RPMs<-Engine Control Module : RPM=0
00> [23446] #480 OK  7B pri=1 RPMs<-Engine Control Module : RPM=0
00> [23510] #481 OK  7B pri=1 RPMs<-Engine Control Module : RPM=0
00> [23575] #482 OK  7B pri=1 RPMs<-Engine Control Module : RPM=0
00> [23640] #483 OK  7B pri=1 RPMs<-Engine Control Module : RPM=0
00> [23705] #484 OK  7B pri=1 RPMs<-Engine Control Module : RPM=0
00> [23769] #485 OK  7B pri=1 RPMs<-Engine Control Module : RPM=0
00> [23817] #486 OK  5B pri=3 Malfunction Indicator Lamp<-Engine Control Module : MIL=off
00> [23827] #487 OK  5B pri=6 Security Indicator Lamp<-Instrument Cluster Panel : SIL=off
00> [23834] #488 OK  7B pri=1 RPMs<-Engine Control Module : RPM=0
00> [23866] #489 OK  5B pri=6 Malfunction Indicator Lamp<-Engine Control Module : MIL=off
00> [23874] #490 OK  5B pri=7 Security Indicator Lamp<-Instrument Cluster Panel : SIL=off
00> [23899] #491 OK  7B pri=1 RPMs<-Engine Control Module : RPM=0
00> [23964] #492 OK  7B pri=1 RPMs<-Engine Control Module : RPM=0
00> [24028] #493 OK  7B pri=1 RPMs<-Engine Control Module : RPM=0
00> [24093] #494 OK  7B pri=1 RPMs<-Engine Control Module : RPM=0
00> [24157] #495 OK  7B pri=1 RPMs<-Engine Control Module : RPM=0
00> [24222] #496 OK  7B pri=1 RPMs<-Engine Control Module : RPM=0
00> [24281] #497 OK  5B pri=3 Engine status<-HUD : 68 FF 62 03 35
00> [24287] #498 OK  7B pri=1 RPMs<-Engine Control Module : RPM=0
00> [24309] #499 OK  5B pri=3 Engine status<-Instrument Cluster Panel : 68 FF 61 03 E1
00> [24359] #500 OK  6B pri=1 Engine status<-Engine Control Module : 28 FF 10 01 07 07
00> [24416] #501 OK  7B pri=1 RPMs<-Engine Control Module : RPM=0
00> [24481] #502 OK  7B pri=1 RPMs<-Engine Control Module : RPM=0
00> [24546] #503 OK  7B pri=1 RPMs<-Engine Control Module : RPM=0
00> [24610] #504 OK  7B pri=1 RPMs<-Engine Control Module : RPM=0
00> [24675] #505 OK  7B pri=1 RPMs<-Engine Control Module : RPM=0
00> [24740] #506 OK  7B pri=1 RPMs<-Engine Control Module : RPM=0
00> [24805] #507 OK  7B pri=1 RPMs<-Engine Control Module : RPM=0
00> [24816] #508 OK  5B pri=6 Security Indicator Lamp<-Instrument Cluster Panel : SIL=off
00> [24869] #509 OK  7B pri=1 RPMs<-Engine Control Module : RPM=0
00> [24901] #510 OK  5B pri=6 Malfunction Indicator Lamp<-Engine Control Module : MIL=off
00> [24908] #511 OK  5B pri=7 Security Indicator Lamp<-Instrument Cluster Panel : SIL=off
00> [24934] #512 OK  7B pri=1 RPMs<-Engine Control Module : RPM=0
00> [24999] #513 OK  7B pri=1 RPMs<-Engine Control Module : RPM=0
00> [25063] #514 OK  7B pri=1 RPMs<-Engine Control Module : RPM=0
00> [25128] #515 OK  7B pri=1 RPMs<-Engine Control Module : RPM=0
00> [25193] #516 OK  7B pri=1 RPMs<-Engine Control Module : RPM=0
00> [25257] #517 OK  7B pri=1 RPMs<-Engine Control Module : RPM=0
00> [25289] #518 OK  5B pri=3 Engine status<-Engine Control Module : 68 FF 10 03 86
00> [25322] #519 OK  7B pri=1 RPMs<-Engine Control Module : RPM=0
00> [25387] #520 OK  7B pri=1 RPMs<-Engine Control Module : RPM=0
00> [25452] #521 OK  7B pri=1 RPMs<-Engine Control Module : RPM=0
00> [25516] #522 OK  7B pri=1 RPMs<-Engine Control Module : RPM=0
00> [25581] #523 OK  7B pri=1 RPMs<-Engine Control Module : RPM=0
00> [25646] #524 OK  7B pri=1 RPMs<-Engine Control Module : RPM=0
00> [25710] #525 OK  7B pri=1 RPMs<-Engine Control Module : RPM=0
00> [25775] #526 OK  7B pri=1 RPMs<-Engine Control Module : RPM=0
00> [25790] #527 OK  5B pri=3 Malfunction Indicator Lamp<-Engine Control Module : MIL=off
00> [25802] #528 OK  5B pri=6 Security Indicator Lamp<-Instrument Cluster Panel : SIL=off
00> [25840] #529 OK  7B pri=1 RPMs<-Engine Control Module : RPM=0
00> [25905] #530 OK  7B pri=1 RPMs<-Engine Control Module : RPM=0
00> [25936] #531 OK  5B pri=6 Malfunction Indicator Lamp<-Engine Control Module : MIL=off
00> [25950] #532 OK  5B pri=7 Security Indicator Lamp<-Instrument Cluster Panel : SIL=off
00> [25969] #533 OK  7B pri=1 RPMs<-Engine Control Module : RPM=0
00> [26034] #534 OK  7B pri=1 RPMs<-Engine Control Module : RPM=0
00> [26098] #535 OK  7B pri=1 RPMs<-Engine Control Module : RPM=0
00> [26163] #536 OK  7B pri=1 RPMs<-Engine Control Module : RPM=0
00> [26228] #537 OK  7B pri=1 RPMs<-Engine Control Module : RPM=0
00> [26271] #538 OK  5B pri=3 Engine status<-HUD : 68 FF 62 03 35
00> [26293] #539 OK  7B pri=1 RPMs<-Engine Control Module : RPM=0
00> [26299] #540 OK  5B pri=3 Engine status<-Instrument Cluster Panel : 68 FF 61 03 E1
00> [26363] #541 OK  6B pri=1 Engine status<-Engine Control Module : 28 FF 10 01 07 07
00> [26422] #542 OK  7B pri=1 RPMs<-Engine Control Module : RPM=0
00> [26487] #543 OK  7B pri=1 RPMs<-Engine Control Module : RPM=0
00> [26551] #544 OK  7B pri=1 RPMs<-Engine Control Module : RPM=0
00> [26616] #545 OK  7B pri=1 RPMs<-Engine Control Module : RPM=0
00> [26681] #546 OK  7B pri=1 RPMs<-Engine Control Module : RPM=0
00> [26745] #547 OK  7B pri=1 RPMs<-Engine Control Module : RPM=0
00> [26777] #548 OK  5B pri=3 Malfunction Indicator Lamp<-Engine Control Module : MIL=off
00> [26789] #549 OK  5B pri=6 Security Indicator Lamp<-Instrument Cluster Panel : SIL=off
00> [26810] #550 OK  7B pri=1 RPMs<-Engine Control Module : RPM=0
00> [26875] #551 OK  7B pri=1 RPMs<-Engine Control Module : RPM=0
00> [26939] #552 OK  7B pri=1 RPMs<-Engine Control Module : RPM=0
00> [26971] #553 OK  5B pri=6 Malfunction Indicator Lamp<-Engine Control Module : MIL=off
00> [26983] #554 OK  5B pri=7 Security Indicator Lamp<-Instrument Cluster Panel : SIL=off
00> [27004] #555 OK  7B pri=1 RPMs<-Engine Control Module : RPM=0
00> [27069] #556 OK  7B pri=1 RPMs<-Engine Control Module : RPM=0
00> [27134] #557 OK  7B pri=1 RPMs<-Engine Control Module : RPM=0
00> [27198] #558 OK  7B pri=1 RPMs<-Engine Control Module : RPM=0
00> [27263] #559 OK  7B pri=1 RPMs<-Engine Control Module : RPM=0
00> [27328] #560 OK  7B pri=1 RPMs<-Engine Control Module : RPM=0
00> [27359] #561 OK  5B pri=3 Engine status<-Engine Control Module : 68 FF 10 03 86
00> [27393] #562 OK  7B pri=1 RPMs<-Engine Control Module : RPM=0
00> [27457] #563 OK  7B pri=1 RPMs<-Engine Control Module : RPM=0
00> [27522] #564 OK  7B pri=1 RPMs<-Engine Control Module : RPM=0
00> [27586] #565 OK  7B pri=1 RPMs<-Engine Control Module : RPM=0
00> [27651] #566 OK  7B pri=1 RPMs<-Engine Control Module : RPM=0
00> [27716] #567 OK  7B pri=1 RPMs<-Engine Control Module : RPM=0
00> [27764] #568 OK  5B pri=3 Malfunction Indicator Lamp<-Engine Control Module : MIL=off
00> [27776] #569 OK  5B pri=6 Security Indicator Lamp<-Instrument Cluster Panel : SIL=off
00> [27845] #570 OK  7B pri=1 RPMs<-Engine Control Module : RPM=0
00> [27910] #571 OK  7B pri=1 RPMs<-Engine Control Module : RPM=0
00> [27975] #572 OK  7B pri=1 RPMs<-Engine Control Module : RPM=0
00> [28006] #573 OK  5B pri=6 Malfunction Indicator Lamp<-Engine Control Module : MIL=off
00> [28017] #574 OK  5B pri=7 Security Indicator Lamp<-Instrument Cluster Panel : SIL=off
00> [28039] #575 OK  7B pri=1 RPMs<-Engine Control Module : RPM=0
00> [28104] #576 OK  7B pri=1 RPMs<-Engine Control Module : RPM=0
00> [28169] #577 OK  7B pri=1 RPMs<-Engine Control Module : RPM=0
00> [28234] #578 OK  7B pri=1 RPMs<-Engine Control Module : RPM=0
00> [28261] #579 OK  5B pri=3 Engine status<-HUD : 68 FF 62 03 35
00> [28289] #580 OK  5B pri=3 Engine status<-Instrument Cluster Panel : 68 FF 61 03 E1
00> [28298] #581 OK  7B pri=1 RPMs<-Engine Control Module : RPM=0
00> [28362] #582 OK  6B pri=1 Engine status<-Engine Control Module : 28 FF 10 01 07 07
00> [28427] #583 OK  7B pri=1 RPMs<-Engine Control Module : RPM=0
00> [28492] #584 OK  7B pri=1 RPMs<-Engine Control Module : RPM=0
00> [28557] #585 OK  7B pri=1 RPMs<-Engine Control Module : RPM=0
00> [28622] #586 OK  7B pri=1 RPMs<-Engine Control Module : RPM=0
00> [28686] #587 OK  7B pri=1 RPMs<-Engine Control Module : RPM=0
00> [28751] #588 OK  7B pri=1 RPMs<-Engine Control Module : RPM=0
00> [28764] #589 OK  5B pri=6 Security Indicator Lamp<-Instrument Cluster Panel : SIL=off
00> [28816] #590 OK  7B pri=1 RPMs<-Engine Control Module : RPM=0
00> [28880] #591 OK  7B pri=1 RPMs<-Engine Control Module : RPM=0
00> [28945] #592 OK  7B pri=1 RPMs<-Engine Control Module : RPM=0
00> [29010] #593 OK  7B pri=1 RPMs<-Engine Control Module : RPM=0
00> [29041] #594 OK  5B pri=6 Malfunction Indicator Lamp<-Engine Control Module : MIL=off
00> [29051] #595 OK  5B pri=7 Security Indicator Lamp<-Instrument Cluster Panel : SIL=off
00> [29075] #596 OK  7B pri=1 RPMs<-Engine Control Module : RPM=0
00> [29139] #597 OK  7B pri=1 RPMs<-Engine Control Module : RPM=0
00> [29204] #598 OK  7B pri=1 RPMs<-Engine Control Module : RPM=0
00> [29268] #599 OK  7B pri=1 RPMs<-Engine Control Module : RPM=0
00> [29333] #600 OK  7B pri=1 RPMs<-Engine Control Module : RPM=0
00> [29398] #601 OK  7B pri=1 RPMs<-Engine Control Module : RPM=0
00> [29429] #602 OK  5B pri=3 Engine status<-Engine Control Module : 68 FF 10 03 86
00> [29463] #603 OK  7B pri=1 RPMs<-Engine Control Module : RPM=0
00> [29527] #604 OK  7B pri=1 RPMs<-Engine Control Module : RPM=0
00> [29592] #605 OK  7B pri=1 RPMs<-Engine Control Module : RPM=0
00> [29657] #606 OK  7B pri=1 RPMs<-Engine Control Module : RPM=0
00> [29721] #607 OK  7B pri=1 RPMs<-Engine Control Module : RPM=0
00> [29736] #608 OK  5B pri=3 Malfunction Indicator Lamp<-Engine Control Module : MIL=off
00> [29743] #609 OK  5B pri=6 Security Indicator Lamp<-Instrument Cluster Panel : SIL=off
00> [29786] #610 OK  7B pri=1 RPMs<-Engine Control Module : RPM=0
00> [29851] #611 OK  7B pri=1 RPMs<-Engine Control Module : RPM=0
00> [29916] #612 OK  7B pri=1 RPMs<-Engine Control Module : RPM=0
00> [29980] #613 OK  7B pri=1 RPMs<-Engine Control Module : RPM=0
00> [30045] #614 OK  7B pri=1 RPMs<-Engine Control Module : RPM=0
00> [30077] #615 OK  5B pri=6 Malfunction Indicator Lamp<-Engine Control Module : MIL=off
00> [30085] #616 OK  5B pri=7 Security Indicator Lamp<-Instrument Cluster Panel : SIL=off
00> [30110] #617 OK  7B pri=1 RPMs<-Engine Control Module : RPM=0
00> [30174] #618 OK  7B pri=1 RPMs<-Engine Control Module : RPM=0
00> [30239] #619 OK  7B pri=1 RPMs<-Engine Control Module : RPM=0
00> [30251] #620 OK  5B pri=3 Engine status<-HUD : 68 FF 62 03 35
00> [30279] #621 OK  5B pri=3 Engine status<-Instrument Cluster Panel : 68 FF 61 03 E1
00> [30304] #622 OK  7B pri=1 RPMs<-Engine Control Module : RPM=0
00> [30365] #623 OK  6B pri=1 Engine status<-Engine Control Module : 28 FF 10 01 07 07
00> [30433] #624 OK  7B pri=1 RPMs<-Engine Control Module : RPM=0
00> [30498] #625 OK  7B pri=1 RPMs<-Engine Control Module : RPM=0
00> [30562] #626 OK  7B pri=1 RPMs<-Engine Control Module : RPM=0
00> [30627] #627 OK  7B pri=1 RPMs<-Engine Control Module : RPM=0
00> [30692] #628 OK  7B pri=1 RPMs<-Engine Control Module : RPM=0
00> [30723] #629 OK  5B pri=3 Malfunction Indicator Lamp<-Engine Control Module : MIL=off
00> [30730] #630 OK  5B pri=6 Security Indicator Lamp<-Instrument Cluster Panel : SIL=off
00> [30756] #631 OK  7B pri=1 RPMs<-Engine Control Module : RPM=0
00> [30821] #632 OK  7B pri=1 RPMs<-Engine Control Module : RPM=0
00> [30886] #633 OK  7B pri=1 RPMs<-Engine Control Module : RPM=0
00> [30951] #634 OK  7B pri=1 RPMs<-Engine Control Module : RPM=0
00> [31015] #635 OK  7B pri=1 RPMs<-Engine Control Module : RPM=0
00> [31080] #636 OK  7B pri=1 RPMs<-Engine Control Module : RPM=0
00> [31111] #637 OK  5B pri=6 Malfunction Indicator Lamp<-Engine Control Module : MIL=off
00> [31119] #638 OK  5B pri=7 Security Indicator Lamp<-Instrument Cluster Panel : SIL=off
00> [31145] #639 OK  7B pri=1 RPMs<-Engine Control Module : RPM=0
00> [31210] #640 OK  7B pri=1 RPMs<-Engine Control Module : RPM=0
00> [31274] #641 OK  7B pri=1 RPMs<-Engine Control Module : RPM=0
00> [31339] #642 OK  7B pri=1 RPMs<-Engine Control Module : RPM=0
00> [31403] #643 OK  7B pri=1 RPMs<-Engine Control Module : RPM=0
00> [31468] #644 OK  7B pri=1 RPMs<-Engine Control Module : RPM=0
00> [31500] #645 OK  5B pri=3 Engine status<-Engine Control Module : 68 FF 10 03 86
00> [31533] #646 OK  7B pri=1 RPMs<-Engine Control Module : RPM=0
00> [31597] #647 OK  7B pri=1 RPMs<-Engine Control Module : RPM=0
00> [31662] #648 OK  7B pri=1 RPMs<-Engine Control Module : RPM=0
00> [31710] #649 OK  5B pri=3 Malfunction Indicator Lamp<-Engine Control Module : MIL=off
00> [31717] #650 OK  5B pri=6 Security Indicator Lamp<-Instrument Cluster Panel : SIL=off
00> [31727] #651 OK  7B pri=1 RPMs<-Engine Control Module : RPM=0
00> [31792] #652 OK  7B pri=1 RPMs<-Engine Control Module : RPM=0
00> [31856] #653 OK  7B pri=1 RPMs<-Engine Control Module : RPM=0
00> [31921] #654 OK  7B pri=1 RPMs<-Engine Control Module : RPM=0
00> [31986] #655 OK  7B pri=1 RPMs<-Engine Control Module : RPM=0
00> [32051] #656 OK  7B pri=1 RPMs<-Engine Control Module : RPM=0
00> [32115] #657 OK  7B pri=1 RPMs<-Engine Control Module : RPM=0
00> [32147] #658 OK  5B pri=6 Malfunction Indicator Lamp<-Engine Control Module : MIL=off
00> [32153] #659 OK  5B pri=7 Security Indicator Lamp<-Instrument Cluster Panel : SIL=off
00> [32180] #660 OK  7B pri=1 RPMs<-Engine Control Module : RPM=0
00> [32241] #661 OK  5B pri=3 Engine status<-HUD : 68 FF 62 03 35
00> [32269] #662 OK  5B pri=3 Engine status<-Instrument Cluster Panel : 68 FF 61 03 E1
00> [32309] #663 OK  7B pri=1 RPMs<-Engine Control Module : RPM=0
00> [32369] #664 OK  6B pri=1 Engine status<-Engine Control Module : 28 FF 10 01 07 07
00> [32439] #665 OK  7B pri=1 RPMs<-Engine Control Module : RPM=0
00> [32503] #666 OK  7B pri=1 RPMs<-Engine Control Module : RPM=0
00> [32568] #667 OK  7B pri=1 RPMs<-Engine Control Module : RPM=0
00> [32633] #668 OK  7B pri=1 RPMs<-Engine Control Module : RPM=0
00> [32698] #669 OK  7B pri=1 RPMs<-Engine Control Module : RPM=0
00> [32712] #670 OK  5B pri=6 Security Indicator Lamp<-Instrument Cluster Panel : SIL=off
00> [32762] #671 OK  7B pri=1 RPMs<-Engine Control Module : RPM=0
00> [32827] #672 OK  7B pri=1 RPMs<-Engine Control Module : RPM=0
00> [32891] #673 OK  7B pri=1 RPMs<-Engine Control Module : RPM=0
00> [32956] #674 OK  7B pri=1 RPMs<-Engine Control Module : RPM=0
00> [33021] #675 OK  7B pri=1 RPMs<-Engine Control Module : RPM=0
00> [33086] #676 OK  7B pri=1 RPMs<-Engine Control Module : RPM=0
00> [33150] #677 OK  7B pri=1 RPMs<-Engine Control Module : RPM=0
00> [33182] #678 OK  5B pri=6 Malfunction Indicator Lamp<-Engine Control Module : MIL=off
00> [33194] #679 OK  5B pri=7 Security Indicator Lamp<-Instrument Cluster Panel : SIL=off
00> [33215] #680 OK  7B pri=1 RPMs<-Engine Control Module : RPM=0
00> [33280] #681 OK  7B pri=1 RPMs<-Engine Control Module : RPM=0
00> [33344] #682 OK  7B pri=1 RPMs<-Engine Control Module : RPM=0
00> [33409] #683 OK  7B pri=1 RPMs<-Engine Control Module : RPM=0
00> [33474] #684 OK  7B pri=1 RPMs<-Engine Control Module : RPM=0
00> [33539] #685 OK  7B pri=1 RPMs<-Engine Control Module : RPM=0
00> [33570] #686 OK  5B pri=3 Engine status<-Engine Control Module : 68 FF 10 03 86
00> [33603] #687 OK  7B pri=1 RPMs<-Engine Control Module : RPM=0
00> [33668] #688 OK  7B pri=1 RPMs<-Engine Control Module : RPM=0
00> [33683] #689 OK  5B pri=3 Malfunction Indicator Lamp<-Engine Control Module : MIL=off
00> [33692] #690 OK  5B pri=6 Security Indicator Lamp<-Instrument Cluster Panel : SIL=off
00> [33733] #691 OK  7B pri=1 RPMs<-Engine Control Module : RPM=0
00> [33785] #692 OK  8B pri=3 Scanner<-Engine Control Module : DTC reply src=0x10
00> [33797] #693 OK  7B pri=1 RPMs<-Engine Control Module : RPM=0
00> [33862] #694 OK  7B pri=1 RPMs<-Engine Control Module : RPM=0
00> [33927] #695 OK  7B pri=1 RPMs<-Engine Control Module : RPM=0
00> [33991] #696 OK  7B pri=1 RPMs<-Engine Control Module : RPM=0
00> [34056] #697 OK  7B pri=1 RPMs<-Engine Control Module : RPM=0
00> [34121] #698 OK  7B pri=1 RPMs<-Engine Control Module : RPM=0
00> [34217] #700 OK  5B pri=6 Malfunction Indicator Lamp<-Engine Control Module : MIL=off
00> [34228] #701 OK  5B pri=7 Security Indicator Lamp<-Instrument Cluster Panel : SIL=off
00> [34250] #702 OK  7B pri=1 RPMs<-Engine Control Module : RPM=0
00> [34259] #703 OK  5B pri=3 Engine status<-Instrument Cluster Panel : 68 FF 61 03 E1
00> [34315] #704 OK  7B pri=1 RPMs<-Engine Control Module : RPM=0
00> [34374] #705 OK  6B pri=1 Engine status<-Engine Control Module : 28 FF 10 01 07 07
00> [34444] #706 OK  7B pri=1 RPMs<-Engine Control Module : RPM=0
00> [34509] #707 OK  7B pri=1 RPMs<-Engine Control Module : RPM=0
00> [34574] #708 OK  7B pri=1 RPMs<-Engine Control Module : RPM=0
00> [34638] #709 OK  7B pri=1 RPMs<-Engine Control Module : RPM=0
00> [34669] #710 OK  5B pri=3 Malfunction Indicator Lamp<-Engine Control Module : MIL=off
00> [34679] #711 OK  5B pri=6 Security Indicator Lamp<-Instrument Cluster Panel : SIL=off
00> [34703] #712 OK  7B pri=1 RPMs<-Engine Control Module : RPM=0
00> [34768] #713 OK  7B pri=1 RPMs<-Engine Control Module : RPM=0
00> [34832] #714 OK  7B pri=1 RPMs<-Engine Control Module : RPM=0
00> [34897] #715 OK  7B pri=1 RPMs<-Engine Control Module : RPM=0
00> [34962] #716 OK  7B pri=1 RPMs<-Engine Control Module : RPM=0
00> [35026] #717 OK  7B pri=1 RPMs<-Engine Control Module : RPM=0
00> [35091] #718 OK  7B pri=1 RPMs<-Engine Control Module : RPM=0
00> [35156] #719 OK  7B pri=1 RPMs<-Engine Control Module : RPM=0
00> [35221] #720 OK  7B pri=1 RPMs<-Engine Control Module : RPM=0
00> [35253] #721 OK  5B pri=6 Malfunction Indicator Lamp<-Engine Control Module : MIL=off
00> [35262] #722 OK  5B pri=7 Security Indicator Lamp<-Instrument Cluster Panel : SIL=off
00> [35285] #723 OK  7B pri=1 RPMs<-Engine Control Module : RPM=0
00> [35350] #724 OK  7B pri=1 RPMs<-Engine Control Module : RPM=0
00> [35415] #725 OK  7B pri=1 RPMs<-Engine Control Module : RPM=0
00> [35479] #726 OK  7B pri=1 RPMs<-Engine Control Module : RPM=0
00> [35544] #727 OK  7B pri=1 RPMs<-Engine Control Module : RPM=0
00> [35609] #728 OK  7B pri=1 RPMs<-Engine Control Module : RPM=0
00> [35640] #729 OK  5B pri=3 Engine status<-Engine Control Module : 68 FF 10 03 86
00> [35656] #730 OK  5B pri=3 Malfunction Indicator Lamp<-Engine Control Module : MIL=off
00> [35666] #731 OK  5B pri=6 Security Indicator Lamp<-Instrument Cluster Panel : SIL=off
00> [35673] #732 OK  7B pri=1 RPMs<-Engine Control Module : RPM=0
00> [35738] #733 OK  7B pri=1 RPMs<-Engine Control Module : RPM=0
00> [35803] #734 OK  7B pri=1 RPMs<-Engine Control Module : RPM=0
00> [35867] #735 OK  7B pri=1 RPMs<-Engine Control Module : RPM=0
00> [35932] #736 OK  7B pri=1 RPMs<-Engine Control Module : RPM=0
00> [35997] #737 OK  7B pri=1 RPMs<-Engine Control Module : RPM=0
00> [36062] #738 OK  7B pri=1 RPMs<-Engine Control Module : RPM=0
00> [36126] #739 OK  7B pri=1 RPMs<-Engine Control Module : RPM=0
00> [36191] #740 OK  7B pri=1 RPMs<-Engine Control Module : RPM=0
00> [36221] #741 OK  5B pri=3 Engine status<-HUD : 68 FF 62 03 35
00> [36248] #742 OK  5B pri=3 Engine status<-Instrument Cluster Panel : 68 FF 61 03 E1
00> [36255] #743 OK  7B pri=1 RPMs<-Engine Control Module : RPM=0
00> [36287] #744 OK  5B pri=6 Malfunction Indicator Lamp<-Engine Control Module : MIL=off
00> [36296] #745 OK  5B pri=7 Security Indicator Lamp<-Instrument Cluster Panel : SIL=off
00> [36320] #746 OK  7B pri=1 RPMs<-Engine Control Module : RPM=0
00> [36377] #747 OK  6B pri=1 Engine status<-Engine Control Module : 28 FF 10 01 07 07
00> [36385] #748 OK  7B pri=1 RPMs<-Engine Control Module : RPM=0
00> [36450] #749 OK  7B pri=1 RPMs<-Engine Control Module : RPM=0
00> [36514] #750 OK  7B pri=1 RPMs<-Engine Control Module : RPM=0
00> [36579] #751 OK  7B pri=1 RPMs<-Engine Control Module : RPM=0
00> [36644] #752 OK  7B pri=1 RPMs<-Engine Control Module : RPM=0
00> [36661] #753 OK  5B pri=6 Security Indicator Lamp<-Instrument Cluster Panel : SIL=off
00> [36708] #754 OK  7B pri=1 RPMs<-Engine Control Module : RPM=0
00> [36773] #755 OK  7B pri=1 RPMs<-Engine Control Module : RPM=0
00> [36838] #756 OK  7B pri=1 RPMs<-Engine Control Module : RPM=0
00> [36902] #757 OK  7B pri=1 RPMs<-Engine Control Module : RPM=0
00> [36967] #758 OK  7B pri=1 RPMs<-Engine Control Module : RPM=0
00> [37032] #759 OK  7B pri=1 RPMs<-Engine Control Module : RPM=0
00> [37096] #760 OK  7B pri=1 RPMs<-Engine Control Module : RPM=0
00> [37161] #761 OK  7B pri=1 RPMs<-Engine Control Module : RPM=0
00> [37226] #762 OK  7B pri=1 RPMs<-Engine Control Module : RPM=0
00> [37291] #763 OK  7B pri=1 RPMs<-Engine Control Module : RPM=0
00> [37322] #764 OK  5B pri=6 Malfunction Indicator Lamp<-Engine Control Module : MIL=off
00> [37330] #765 OK  5B pri=7 Security Indicator Lamp<-Instrument Cluster Panel : SIL=off
00> [37355] #766 OK  7B pri=1 RPMs<-Engine Control Module : RPM=0
00> [37420] #767 OK  7B pri=1 RPMs<-Engine Control Module : RPM=0
00> [37485] #768 OK  7B pri=1 RPMs<-Engine Control Module : RPM=0
00> [37549] #769 OK  7B pri=1 RPMs<-Engine Control Module : RPM=0
00> [37614] #770 OK  7B pri=1 RPMs<-Engine Control Module : RPM=0
00> [37629] #771 OK  5B pri=3 Malfunction Indicator Lamp<-Engine Control Module : MIL=off
00> [37640] #772 OK  5B pri=6 Security Indicator Lamp<-Instrument Cluster Panel : SIL=off
00> [37679] #773 OK  7B pri=1 RPMs<-Engine Control Module : RPM=0
00> [37710] #774 OK  5B pri=3 Engine status<-Engine Control Module : 68 FF 10 03 86
00> [37744] #775 OK  7B pri=1 RPMs<-Engine Control Module : RPM=0
00> [37808] #776 OK  7B pri=1 RPMs<-Engine Control Module : RPM=0
00> [37873] #777 OK  7B pri=1 RPMs<-Engine Control Module : RPM=0
00> [37937] #778 OK  7B pri=1 RPMs<-Engine Control Module : RPM=0
00> [38002] #779 OK  7B pri=1 RPMs<-Engine Control Module : RPM=0
00> [38067] #780 OK  7B pri=1 RPMs<-Engine Control Module : RPM=0
00> [38132] #781 OK  7B pri=1 RPMs<-Engine Control Module : RPM=0
00> [38196] #782 OK  7B pri=1 RPMs<-Engine Control Module : RPM=0
00> [38210] #783 OK  5B pri=3 Engine status<-HUD : 68 FF 62 03 35
00> [38238] #784 OK  5B pri=3 Engine status<-Instrument Cluster Panel : 68 FF 61 03 E1
00> [38261] #785 OK  7B pri=1 RPMs<-Engine Control Module : RPM=0
00> [38326] #786 OK  7B pri=1 RPMs<-Engine Control Module : RPM=0
00> [38357] #787 OK  5B pri=6 Malfunction Indicator Lamp<-Engine Control Module : MIL=off
00> [38363] #788 OK  5B pri=7 Security Indicator Lamp<-Instrument Cluster Panel : SIL=off
00> [38382] #789 OK  6B pri=1 Engine status<-Engine Control Module : 28 FF 10 01 07 07
00> [38390] #790 OK  7B pri=1 RPMs<-Engine Control Module : RPM=0
00> [38455] #791 OK  7B pri=1 RPMs<-Engine Control Module : RPM=0
00> [38520] #792 OK  7B pri=1 RPMs<-Engine Control Module : RPM=0
00> [38585] #793 OK  7B pri=1 RPMs<-Engine Control Module : RPM=0
00> [38616] #794 OK  5B pri=3 Malfunction Indicator Lamp<-Engine Control Module : MIL=off
00> [38628] #795 OK  5B pri=6 Security Indicator Lamp<-Instrument Cluster Panel : SIL=off
00> [38649] #796 OK  7B pri=1 RPMs<-Engine Control Module : RPM=0
00> [38714] #797 OK  7B pri=1 RPMs<-Engine Control Module : RPM=0
00> [38778] #798 OK  7B pri=1 RPMs<-Engine Control Module : RPM=0
00> [38843] #799 OK  7B pri=1 RPMs<-Engine Control Module : RPM=0
00> [38908] #800 OK  7B pri=1 RPMs<-Engine Control Module : RPM=0
00> [38973] #801 OK  7B pri=1 RPMs<-Engine Control Module : RPM=0
00> [39037] #802 OK  7B pri=1 RPMs<-Engine Control Module : RPM=0
00> [39102] #803 OK  7B pri=1 RPMs<-Engine Control Module : RPM=0
00> [39166] #804 OK  7B pri=1 RPMs<-Engine Control Module : RPM=0
00> [39231] #805 OK  7B pri=1 RPMs<-Engine Control Module : RPM=0
00> [39296] #806 OK  7B pri=1 RPMs<-Engine Control Module : RPM=0
00> [39361] #807 OK  7B pri=1 RPMs<-Engine Control Module : RPM=0
00> [39392] #808 OK  5B pri=6 Malfunction Indicator Lamp<-Engine Control Module : MIL=off
00> [39405] #809 OK  5B pri=7 Security Indicator Lamp<-Instrument Cluster Panel : SIL=off
00> [39425] #810 OK  7B pri=1 RPMs<-Engine Control Module : RPM=0
00> [39490] #811 OK  7B pri=1 RPMs<-Engine Control Module : RPM=0
00> [39555] #812 OK  7B pri=1 RPMs<-Engine Control Module : RPM=0
00> [39602] #813 OK  5B pri=3 Malfunction Indicator Lamp<-Engine Control Module : MIL=off
00> [39615] #814 OK  5B pri=6 Security Indicator Lamp<-Instrument Cluster Panel : SIL=off
00> [39684] #815 OK  7B pri=1 RPMs<-Engine Control Module : RPM=0
00> [39749] #816 OK  7B pri=1 RPMs<-Engine Control Module : RPM=0
00> [39781] #817 OK  5B pri=3 Engine status<-Engine Control Module : 68 FF 10 03 86
00> [39813] #818 OK  7B pri=1 RPMs<-Engine Control Module : RPM=0
00> [39878] #819 OK  7B pri=1 RPMs<-Engine Control Module : RPM=0
00> [39943] #820 OK  7B pri=1 RPMs<-Engine Control Module : RPM=0
00> [40008] #821 OK  7B pri=1 RPMs<-Engine Control Module : RPM=0
00> [40072] #822 OK  7B pri=1 RPMs<-Engine Control Module : RPM=0
00> [40137] #823 OK  7B pri=1 RPMs<-Engine Control Module : RPM=0
00> [40200] #824 OK  5B pri=3 Engine status<-HUD : 68 FF 62 03 35
00> [40228] #825 OK  5B pri=3 Engine status<-Instrument Cluster Panel : 68 FF 61 03 E1
00> [40266] #826 OK  7B pri=1 RPMs<-Engine Control Module : RPM=0
00> [40300] Periodic SIL clear -> IPC
00> [40331] #827 OK  7B pri=1 RPMs<-Engine Control Module : RPM=0
00> [40385] #828 OK  6B pri=1 Engine status<-Engine Control Module : 28 FF 10 01 07 07
00> [40396] #829 OK  7B pri=1 RPMs<-Engine Control Module : RPM=0
00> [40428] #830 OK  5B pri=6 Malfunction Indicator Lamp<-Engine Control Module : MIL=off
00> [40439] #831 OK  5B pri=7 Security Indicator Lamp<-Instrument Cluster Panel : SIL=off
00> [40461] #832 OK  7B pri=1 RPMs<-Engine Control Module : RPM=0
00> [40525] #833 OK  7B pri=1 RPMs<-Engine Control Module : RPM=0
00> [40590] #834 OK  7B pri=1 RPMs<-Engine Control Module : RPM=0
00> [40603] #835 OK  5B pri=6 Security Indicator Lamp<-Instrument Cluster Panel : SIL=off
00> [40655] #836 OK  7B pri=1 RPMs<-Engine Control Module : RPM=0
00> [40719] #837 OK  7B pri=1 RPMs<-Engine Control Module : RPM=0
00> [40784] #838 OK  7B pri=1 RPMs<-Engine Control Module : RPM=0
00> [40849] #839 OK  7B pri=1 RPMs<-Engine Control Module : RPM=0
00> [40913] #840 OK  7B pri=1 RPMs<-Engine Control Module : RPM=0
00> [40978] #841 OK  7B pri=1 RPMs<-Engine Control Module : RPM=0
00> [41043] #842 OK  7B pri=1 RPMs<-Engine Control Module : RPM=0
00> [41107] #843 OK  7B pri=1 RPMs<-Engine Control Module : RPM=0
00> [41172] #844 OK  7B pri=1 RPMs<-Engine Control Module : RPM=0
00> [41237] #845 OK  7B pri=1 RPMs<-Engine Control Module : RPM=0
00> [41302] #846 OK  7B pri=1 RPMs<-Engine Control Module : RPM=0
00> [41366] #847 OK  7B pri=1 RPMs<-Engine Control Module : RPM=0
00> [41431] #848 OK  7B pri=1 RPMs<-Engine Control Module : RPM=0
00> [41463] #849 OK  5B pri=6 Malfunction Indicator Lamp<-Engine Control Module : MIL=off
00> [41472] #850 OK  5B pri=7 Security Indicator Lamp<-Instrument Cluster Panel : SIL=off
00> [41496] #851 OK  7B pri=1 RPMs<-Engine Control Module : RPM=0
00> [41560] #852 OK  7B pri=1 RPMs<-Engine Control Module : RPM=0
00> [41575] #853 OK  5B pri=3 Malfunction Indicator Lamp<-Engine Control Module : MIL=off
00> [41581] #854 OK  5B pri=6 Security Indicator Lamp<-Instrument Cluster Panel : SIL=off
00> [41625] #855 OK  7B pri=1 RPMs<-Engine Control Module : RPM=0
00> [41690] #856 OK  7B pri=1 RPMs<-Engine Control Module : RPM=0
00> [41754] #857 OK  7B pri=1 RPMs<-Engine Control Module : RPM=0
00> [41819] #858 OK  7B pri=1 RPMs<-Engine Control Module : RPM=0
00> [41850] #859 OK  5B pri=3 Engine status<-Engine Control Module : 68 FF 10 03 86
00> [41884] #860 OK  7B pri=1 RPMs<-Engine Control Module : RPM=0
00> [41948] #861 OK  7B pri=1 RPMs<-Engine Control Module : RPM=0
00> [42013] #862 OK  7B pri=1 RPMs<-Engine Control Module : RPM=0
00> [42078] #863 OK  7B pri=1 RPMs<-Engine Control Module : RPM=0
00> [42143] #864 OK  7B pri=1 RPMs<-Engine Control Module : RPM=0
00> [42190] #865 OK  5B pri=3 Engine status<-HUD : 68 FF 62 03 35
00> [42207] #866 OK  7B pri=1 RPMs<-Engine Control Module : RPM=0
00> [42219] #867 OK  5B pri=3 Engine status<-Instrument Cluster Panel : 68 FF 61 03 E1
00> [42272] #868 OK  7B pri=1 RPMs<-Engine Control Module : RPM=0
00> [42337] #869 OK  7B pri=1 RPMs<-Engine Control Module : RPM=0
00> [42390] #870 OK  6B pri=1 Engine status<-Engine Control Module : 28 FF 10 01 07 07
00> [42401] #871 OK  7B pri=1 RPMs<-Engine Control Module : RPM=0
00> [42466] #872 OK  7B pri=1 RPMs<-Engine Control Module : RPM=0
00> [42498] #873 OK  5B pri=6 Malfunction Indicator Lamp<-Engine Control Module : MIL=off
00> [42506] #874 OK  5B pri=7 Security Indicator Lamp<-Instrument Cluster Panel : SIL=off
00> [42531] #875 OK  7B pri=1 RPMs<-Engine Control Module : RPM=0
00> [42562] #876 OK  5B pri=3 Malfunction Indicator Lamp<-Engine Control Module : MIL=off
00> [42568] #877 OK  5B pri=6 Security Indicator Lamp<-Instrument Cluster Panel : SIL=off
00> [42595] #878 OK  7B pri=1 RPMs<-Engine Control Module : RPM=0
00> [42660] #879 OK  7B pri=1 RPMs<-Engine Control Module : RPM=0
00> [42725] #880 OK  7B pri=1 RPMs<-Engine Control Module : RPM=0
00> [42789] #881 OK  7B pri=1 RPMs<-Engine Control Module : RPM=0
00> [42854] #882 OK  7B pri=1 RPMs<-Engine Control Module : RPM=0
00> [42919] #883 OK  7B pri=1 RPMs<-Engine Control Module : RPM=0
00> [42983] #884 OK  7B pri=1 RPMs<-Engine Control Module : RPM=0
00> [43048] #885 OK  7B pri=1 RPMs<-Engine Control Module : RPM=0
00> [43113] #886 OK  7B pri=1 RPMs<-Engine Control Module : RPM=0
00> [43178] #887 OK  7B pri=1 RPMs<-Engine Control Module : RPM=0
00> [43242] #888 OK  7B pri=1 RPMs<-Engine Control Module : RPM=0
00> [43307] #889 OK  7B pri=1 RPMs<-Engine Control Module : RPM=0
00> [43372] #890 OK  7B pri=1 RPMs<-Engine Control Module : RPM=0
00> [43436] #891 OK  7B pri=1 RPMs<-Engine Control Module : RPM=0
00> [43501] #892 OK  7B pri=1 RPMs<-Engine Control Module : RPM=0
00> [43533] #893 OK  5B pri=6 Malfunction Indicator Lamp<-Engine Control Module : MIL=off
00> [43540] #894 OK  5B pri=7 Security Indicator Lamp<-Instrument Cluster Panel : SIL=off
00> [43548] #895 OK  5B pri=3 Malfunction Indicator Lamp<-Engine Control Module : MIL=off
00> [43556] #896 OK  5B pri=6 Security Indicator Lamp<-Instrument Cluster Panel : SIL=off
00> [43566] #897 OK  7B pri=1 RPMs<-Engine Control Module : RPM=0
00> [43631] #898 OK  7B pri=1 RPMs<-Engine Control Module : RPM=0
00> [43695] #899 OK  7B pri=1 RPMs<-Engine Control Module : RPM=0
00> [43760] #900 OK  7B pri=1 RPMs<-Engine Control Module : RPM=0
00> [43824] #901 OK  7B pri=1 RPMs<-Engine Control Module : RPM=0
00> [43889] #902 OK  7B pri=1 RPMs<-Engine Control Module : RPM=0
00> [43921] #903 OK  5B pri=3 Engine status<-Engine Control Module : 68 FF 10 03 86
00> [43954] #904 OK  7B pri=1 RPMs<-Engine Control Module : RPM=0
00> [44019] #905 OK  7B pri=1 RPMs<-Engine Control Module : RPM=0
00> [44083] #906 OK  7B pri=1 RPMs<-Engine Control Module : RPM=0
00> [44148] #907 OK  7B pri=1 RPMs<-Engine Control Module : RPM=0
00> [44180] #908 OK  5B pri=3 Engine status<-HUD : 68 FF 62 03 35
00> [44208] #909 OK  5B pri=3 Engine status<-Instrument Cluster Panel : 68 FF 61 03 E1
00> [44278] #910 OK  7B pri=1 RPMs<-Engine Control Module : RPM=0
00> [44342] #911 OK  7B pri=1 RPMs<-Engine Control Module : RPM=0
00> [44393] #912 OK  6B pri=1 Engine status<-Engine Control Module : 28 FF 10 01 07 07
00> [44407] #913 OK  7B pri=1 RPMs<-Engine Control Module : RPM=0
00> [44471] #914 OK  7B pri=1 RPMs<-Engine Control Module : RPM=0
00> [44536] #915 OK  7B pri=1 RPMs<-Engine Control Module : RPM=0
00> [44551] #916 OK  5B pri=6 Security Indicator Lamp<-Instrument Cluster Panel : SIL=off
00> [44568] #917 OK  5B pri=6 Malfunction Indicator Lamp<-Engine Control Module : MIL=off
00> [44582] #918 OK  5B pri=7 Security Indicator Lamp<-Instrument Cluster Panel : SIL=off
00> [44608] #919 OK  8B pri=3 Scanner<-Engine Control Module : DTC reply src=0x10
00> [44665] #920 OK  7B pri=1 RPMs<-Engine Control Module : RPM=0
00> [44730] #921 OK  7B pri=1 RPMs<-Engine Control Module : RPM=0
00> [44795] #922 OK  7B pri=1 RPMs<-Engine Control Module : RPM=0
00> [44860] #923 OK  7B pri=1 RPMs<-Engine Control Module : RPM=0
00> [44924] #924 OK  7B pri=1 RPMs<-Engine Control Module : RPM=0
00> [44989] #925 OK  7B pri=1 RPMs<-Engine Control Module : RPM=0
00> [45054] #926 OK  7B pri=1 RPMs<-Engine Control Module : RPM=0
00> [45118] #927 OK  7B pri=1 RPMs<-Engine Control Module : RPM=0
00> [45183] #928 OK  7B pri=1 RPMs<-Engine Control Module : RPM=0
00> [45248] #929 OK  7B pri=1 RPMs<-Engine Control Module : RPM=0
00> [45313] #930 OK  7B pri=1 RPMs<-Engine Control Module : RPM=0
00> [45377] #931 OK  7B pri=1 RPMs<-Engine Control Module : RPM=0
00> [45442] #932 OK  7B pri=1 RPMs<-Engine Control Module : RPM=0
00> [45506] #933 OK  7B pri=1 RPMs<-Engine Control Module : RPM=0
00> [45522] #934 OK  5B pri=3 Malfunction Indicator Lamp<-Engine Control Module : MIL=off
00> [45530] #935 OK  5B pri=6 Security Indicator Lamp<-Instrument Cluster Panel : SIL=off
00> [45571] #936 OK  7B pri=1 RPMs<-Engine Control Module : RPM=0
00> [45603] #937 OK  5B pri=6 Malfunction Indicator Lamp<-Engine Control Module : MIL=off
00> [45615] #938 OK  5B pri=7 Security Indicator Lamp<-Instrument Cluster Panel : SIL=off
00> [45636] #939 OK  7B pri=1 RPMs<-Engine Control Module : RPM=0
00> [45701] #940 OK  7B pri=1 RPMs<-Engine Control Module : RPM=0
00> [45765] #941 OK  7B pri=1 RPMs<-Engine Control Module : RPM=0
00> [45830] #942 OK  7B pri=1 RPMs<-Engine Control Module : RPM=0
00> [45895] #943 OK  7B pri=1 RPMs<-Engine Control Module : RPM=0
00> [45959] #944 OK  7B pri=1 RPMs<-Engine Control Module : RPM=0
00> [45991] #945 OK  5B pri=3 Engine status<-Engine Control Module : 68 FF 10 03 86
00> [46024] #946 OK  7B pri=1 RPMs<-Engine Control Module : RPM=0
00> [46089] #947 OK  7B pri=1 RPMs<-Engine Control Module : RPM=0
00> [46153] #948 OK  7B pri=1 RPMs<-Engine Control Module : RPM=0
00> [46170] #949 OK  5B pri=3 Engine status<-HUD : 68 FF 62 03 35
00> [46198] #950 OK  5B pri=3 Engine status<-Instrument Cluster Panel : 68 FF 61 03 E1
00> [46218] #951 OK  7B pri=1 RPMs<-Engine Control Module : RPM=0
00> [46283] #952 OK  7B pri=1 RPMs<-Engine Control Module : RPM=0
00> [46347] #953 OK  7B pri=1 RPMs<-Engine Control Module : RPM=0
00> [46398] #954 OK  6B pri=1 Engine status<-Engine Control Module : 28 FF 10 01 07 07
00> [46412] #955 OK  7B pri=1 RPMs<-Engine Control Module : RPM=0
00> [46477] #956 OK  7B pri=1 RPMs<-Engine Control Module : RPM=0
00> [46508] #957 OK  5B pri=3 Malfunction Indicator Lamp<-Engine Control Module : MIL=off
00> [46517] #958 OK  5B pri=6 Security Indicator Lamp<-Instrument Cluster Panel : SIL=off
00> [46542] #959 OK  7B pri=1 RPMs<-Engine Control Module : RPM=0
00> [46606] #960 OK  7B pri=1 RPMs<-Engine Control Module : RPM=0
00> [46638] #961 OK  5B pri=6 Malfunction Indicator Lamp<-Engine Control Module : MIL=off
00> [46649] #962 OK  5B pri=7 Security Indicator Lamp<-Instrument Cluster Panel : SIL=off
00> [46671] #963 OK  7B pri=1 RPMs<-Engine Control Module : RPM=0
00> [46736] #964 OK  7B pri=1 RPMs<-Engine Control Module : RPM=0
00> [46800] #965 OK  7B pri=1 RPMs<-Engine Control Module : RPM=0
00> [46865] #966 OK  7B pri=1 RPMs<-Engine Control Module : RPM=0
00> [46930] #967 OK  7B pri=1 RPMs<-Engine Control Module : RPM=0
00> [46994] #968 OK  7B pri=1 RPMs<-Engine Control Module : RPM=0
00> [47059] #969 OK  7B pri=1 RPMs<-Engine Control Module : RPM=0
00> [47124] #970 OK  7B pri=1 RPMs<-Engine Control Module : RPM=0
00> [47188] #971 OK  7B pri=1 RPMs<-Engine Control Module : RPM=0
00> [47253] #972 OK  7B pri=1 RPMs<-Engine Control Module : RPM=0
00> [47318] #973 OK  7B pri=1 RPMs<-Engine Control Module : RPM=0
00> [47383] #974 OK  7B pri=1 RPMs<-Engine Control Module : RPM=0
00> [47447] #975 OK  7B pri=1 RPMs<-Engine Control Module : RPM=0
00> [47495] #976 OK  5B pri=3 Malfunction Indicator Lamp<-Engine Control Module : MIL=off
00> [47504] #977 OK  5B pri=6 Security Indicator Lamp<-Instrument Cluster Panel : SIL=off
00> [47512] #978 OK  7B pri=1 RPMs<-Engine Control Module : RPM=0
00> [47577] #979 OK  7B pri=1 RPMs<-Engine Control Module : RPM=0
00> [47641] #980 OK  7B pri=1 RPMs<-Engine Control Module : RPM=0
00> [47673] #981 OK  5B pri=6 Malfunction Indicator Lamp<-Engine Control Module : MIL=off
00> [47683] #982 OK  5B pri=7 Security Indicator Lamp<-Instrument Cluster Panel : SIL=off
00> [47706] #983 OK  7B pri=1 RPMs<-Engine Control Module : RPM=0
00> [47771] #984 OK  7B pri=1 RPMs<-Engine Control Module : RPM=0
00> [47835] #985 OK  7B pri=1 RPMs<-Engine Control Module : RPM=0
00> [47900] #986 OK  7B pri=1 RPMs<-Engine Control Module : RPM=0
00> [47965] #987 OK  7B pri=1 RPMs<-Engine Control Module : RPM=0
00> [48030] #988 OK  7B pri=1 RPMs<-Engine Control Module : RPM=0
00> [48061] #989 OK  5B pri=3 Engine status<-Engine Control Module : 68 FF 10 03 86
00> [48094] #990 OK  7B pri=1 RPMs<-Engine Control Module : RPM=0
00> [48159] #991 OK  7B pri=1 RPMs<-Engine Control Module : RPM=0
00> [48188] #992 OK  5B pri=3 Engine status<-Instrument Cluster Panel : 68 FF 61 03 E1
00> [48224] #993 OK  7B pri=1 RPMs<-Engine Control Module : RPM=0
00> [48288] #994 OK  7B pri=1 RPMs<-Engine Control Module : RPM=0
00> [48353] #995 OK  7B pri=1 RPMs<-Engine Control Module : RPM=0
00> [48402] #996 OK  6B pri=1 Engine status<-Engine Control Module : 28 FF 10 01 07 07
00> [48418] #997 OK  7B pri=1 RPMs<-Engine Control Module : RPM=0
00> [48482] #998 OK  7B pri=1 RPMs<-Engine Control Module : RPM=0
00> [48499] #999 OK  5B pri=6 Security Indicator Lamp<-Instrument Cluster Panel : SIL=off
00> [48547] #1000 OK  7B pri=1 RPMs<-Engine Control Module : RPM=0
00> [48612] #1001 OK  7B pri=1 RPMs<-Engine Control Module : RPM=0
00> [48676] #1002 OK  7B pri=1 RPMs<-Engine Control Module : RPM=0
00> [48708] #1003 OK  5B pri=6 Malfunction Indicator Lamp<-Engine Control Module : MIL=off
00> [48717] #1004 OK  5B pri=7 Security Indicator Lamp<-Instrument Cluster Panel : SIL=off
00> [48741] #1005 OK  7B pri=1 RPMs<-Engine Control Module : RPM=0
00> [48806] #1006 OK  7B pri=1 RPMs<-Engine Control Module : RPM=0
00> [48870] #1007 OK  7B pri=1 RPMs<-Engine Control Module : RPM=0
00> [48935] #1008 OK  7B pri=1 RPMs<-Engine Control Module : RPM=0
00> [49000] #1009 OK  7B pri=1 RPMs<-Engine Control Module : RPM=0
00> [49065] #1010 OK  7B pri=1 RPMs<-Engine Control Module : RPM=0
00> [49129] #1011 OK  7B pri=1 RPMs<-Engine Control Module : RPM=0
00> [49194] #1012 OK  7B pri=1 RPMs<-Engine Control Module : RPM=0
00> [49259] #1013 OK  7B pri=1 RPMs<-Engine Control Module : RPM=0
00> [49323] #1014 OK  7B pri=1 RPMs<-Engine Control Module : RPM=0
00> [49388] #1015 OK  7B pri=1 RPMs<-Engine Control Module : RPM=0
00> [49453] #1016 OK  7B pri=1 RPMs<-Engine Control Module : RPM=0
00> [49468] #1017 OK  5B pri=3 Malfunction Indicator Lamp<-Engine Control Module : MIL=off
00> [49479] #1018 OK  5B pri=6 Security Indicator Lamp<-Instrument Cluster Panel : SIL=off
00> [49518] #1019 OK  7B pri=1 RPMs<-Engine Control Module : RPM=0
00> [49582] #1020 OK  7B pri=1 RPMs<-Engine Control Module : RPM=0
00> [49647] #1021 OK  7B pri=1 RPMs<-Engine Control Module : RPM=0
00> [49711] #1022 OK  7B pri=1 RPMs<-Engine Control Module : RPM=0
00> [49743] #1023 OK  5B pri=6 Malfunction Indicator Lamp<-Engine Control Module : MIL=off
00> [49751] #1024 OK  5B pri=7 Security Indicator Lamp<-Instrument Cluster Panel : SIL=off
00> [49776] #1025 OK  7B pri=1 RPMs<-Engine Control Module : RPM=0
00> [49841] #1026 OK  7B pri=1 RPMs<-Engine Control Module : RPM=0
00> [49906] #1027 OK  7B pri=1 RPMs<-Engine Control Module : RPM=0
00> [49970] #1028 OK  7B pri=1 RPMs<-Engine Control Module : RPM=0
00> [50035] #1029 OK  7B pri=1 RPMs<-Engine Control Module : RPM=0
00> [50100] #1030 OK  7B pri=1 RPMs<-Engine Control Module : RPM=0
00> [50131] #1031 OK  5B pri=3 Engine status<-Engine Control Module : 68 FF 10 03 86
00> [50150] #1032 OK  5B pri=3 Engine status<-HUD : 68 FF 62 03 35
00> [50164] #1033 OK  7B pri=1 RPMs<-Engine Control Module : RPM=0
00> [50178] #1034 OK  5B pri=3 Engine status<-Instrument Cluster Panel : 68 FF 61 03 E1
00> [50229] #1035 OK  7B pri=1 RPMs<-Engine Control Module : RPM=0
00> [50294] #1036 OK  7B pri=1 RPMs<-Engine Control Module : RPM=0
00> [50304] Periodic SIL clear -> IPC
00> [50359] #1037 OK  7B pri=1 RPMs<-Engine Control Module : RPM=0
00> [50405] #1038 OK  6B pri=1 Engine status<-Engine Control Module : 28 FF 10 01 07 07
00> [50423] #1039 OK  7B pri=1 RPMs<-Engine Control Module : RPM=0
00> [50455] #1040 OK  5B pri=3 Malfunction Indicator Lamp<-Engine Control Module : MIL=off
00> [50466] #1041 OK  5B pri=6 Security Indicator Lamp<-Instrument Cluster Panel : SIL=off
00> [50488] #1042 OK  7B pri=1 RPMs<-Engine Control Module : RPM=0
00> [50553] #1043 OK  7B pri=1 RPMs<-Engine Control Module : RPM=0
00> [50617] #1044 OK  7B pri=1 RPMs<-Engine Control Module : RPM=0
00> [50682] #1045 OK  7B pri=1 RPMs<-Engine Control Module : RPM=0
00> [50747] #1046 OK  7B pri=1 RPMs<-Engine Control Module : RPM=0
00> [50778] #1047 OK  5B pri=6 Malfunction Indicator Lamp<-Engine Control Module : MIL=off
00> [50785] #1048 OK  5B pri=7 Security Indicator Lamp<-Instrument Cluster Panel : SIL=off
00> [50811] #1049 OK  7B pri=1 RPMs<-Engine Control Module : RPM=0
00> [50876] #1050 OK  7B pri=1 RPMs<-Engine Control Module : RPM=0
00> [50941] #1051 OK  7B pri=1 RPMs<-Engine Control Module : RPM=0
00> [51006] #1052 OK  7B pri=1 RPMs<-Engine Control Module : RPM=0
00> [51070] #1053 OK  7B pri=1 RPMs<-Engine Control Module : RPM=0
00> [51135] #1054 OK  7B pri=1 RPMs<-Engine Control Module : RPM=0
00> [51200] #1055 OK  7B pri=1 RPMs<-Engine Control Module : RPM=0
00> [51264] #1056 OK  7B pri=1 RPMs<-Engine Control Module : RPM=0
00> [51329] #1057 OK  7B pri=1 RPMs<-Engine Control Module : RPM=0
00> [51394] #1058 OK  7B pri=1 RPMs<-Engine Control Module : RPM=0
00> [51441] #1059 OK  5B pri=3 Malfunction Indicator Lamp<-Engine Control Module : MIL=off
00> [51453] #1060 OK  5B pri=6 Security Indicator Lamp<-Instrument Cluster Panel : SIL=off
00> [51523] #1061 OK  7B pri=1 RPMs<-Engine Control Module : RPM=0
00> [51588] #1062 OK  7B pri=1 RPMs<-Engine Control Module : RPM=0
00> [51653] #1063 OK  7B pri=1 RPMs<-Engine Control Module : RPM=0
00> [51717] #1064 OK  7B pri=1 RPMs<-Engine Control Module : RPM=0
00> [51782] #1065 OK  7B pri=1 RPMs<-Engine Control Module : RPM=0
00> [51814] #1066 OK  5B pri=6 Malfunction Indicator Lamp<-Engine Control Module : MIL=off
00> [51826] #1067 OK  5B pri=7 Security Indicator Lamp<-Instrument Cluster Panel : SIL=off
00> [51846] #1068 OK  7B pri=1 RPMs<-Engine Control Module : RPM=0
00> [51911] #1069 OK  7B pri=1 RPMs<-Engine Control Module : RPM=0
00> [51976] #1070 OK  7B pri=1 RPMs<-Engine Control Module : RPM=0
00> [52041] #1071 OK  7B pri=1 RPMs<-Engine Control Module : RPM=0
00> [52105] #1072 OK  7B pri=1 RPMs<-Engine Control Module : RPM=0
00> [52140] #1073 OK  5B pri=3 Engine status<-HUD : 68 FF 62 03 35
00> [52168] #1074 OK  5B pri=3 Engine status<-Instrument Cluster Panel : 68 FF 61 03 E1
00> [52201] #1075 OK  5B pri=3 Engine status<-Engine Control Module : 68 FF 10 03 86
00> [52235] #1076 OK  7B pri=1 RPMs<-Engine Control Module : RPM=0
00> [52299] #1077 OK  7B pri=1 RPMs<-Engine Control Module : RPM=0
00> [52364] #1078 OK  7B pri=1 RPMs<-Engine Control Module : RPM=0
00> [52410] #1079 OK  6B pri=1 Engine status<-Engine Control Module : 28 FF 10 01 07 07
00> [52429] #1080 OK  7B pri=1 RPMs<-Engine Control Module : RPM=0
00> [52441] #1081 OK  5B pri=6 Security Indicator Lamp<-Instrument Cluster Panel : SIL=off
00> [52493] #1082 OK  7B pri=1 RPMs<-Engine Control Module : RPM=0
00> [52558] #1083 OK  7B pri=1 RPMs<-Engine Control Module : RPM=0
00> [52623] #1084 OK  7B pri=1 RPMs<-Engine Control Module : RPM=0
00> [52688] #1085 OK  7B pri=1 RPMs<-Engine Control Module : RPM=0
00> [52752] #1086 OK  7B pri=1 RPMs<-Engine Control Module : RPM=0
00> [52817] #1087 OK  7B pri=1 RPMs<-Engine Control Module : RPM=0
00> [52849] #1088 OK  5B pri=6 Malfunction Indicator Lamp<-Engine Control Module : MIL=off
00> [52860] #1089 OK  5B pri=7 Security Indicator Lamp<-Instrument Cluster Panel : SIL=off
00> [52882] #1090 OK  7B pri=1 RPMs<-Engine Control Module : RPM=0
00> [52946] #1091 OK  7B pri=1 RPMs<-Engine Control Module : RPM=0
00> [53011] #1092 OK  7B pri=1 RPMs<-Engine Control Module : RPM=0
00> [53076] #1093 OK  7B pri=1 RPMs<-Engine Control Module : RPM=0
00> [53141] #1094 OK  7B pri=1 RPMs<-Engine Control Module : RPM=0
00> [53205] #1095 OK  7B pri=1 RPMs<-Engine Control Module : RPM=0
00> [53270] #1096 OK  7B pri=1 RPMs<-Engine Control Module : RPM=0
00> [53334] #1097 OK  7B pri=1 RPMs<-Engine Control Module : RPM=0
00> [53399] #1098 OK  7B pri=1 RPMs<-Engine Control Module : RPM=0
00> [53414] #1099 OK  5B pri=3 Malfunction Indicator Lamp<-Engine Control Module : MIL=off
00> [53428] #1100 OK  5B pri=6 Security Indicator Lamp<-Instrument Cluster Panel : SIL=off
00> [53464] #1101 OK  7B pri=1 RPMs<-Engine Control Module : RPM=0
00> [53529] #1102 OK  7B pri=1 RPMs<-Engine Control Module : RPM=0
00> [53593] #1103 OK  7B pri=1 RPMs<-Engine Control Module : RPM=0
00> [53658] #1104 OK  7B pri=1 RPMs<-Engine Control Module : RPM=0
00> [53723] #1105 OK  7B pri=1 RPMs<-Engine Control Module : RPM=0
00> [53788] #1106 OK  7B pri=1 RPMs<-Engine Control Module : RPM=0
00> [53852] #1107 OK  7B pri=1 RPMs<-Engine Control Module : RPM=0
00> [53884] #1108 OK  5B pri=6 Malfunction Indicator Lamp<-Engine Control Module : MIL=off
00> [53894] #1109 OK  5B pri=7 Security Indicator Lamp<-Instrument Cluster Panel : SIL=off
00> [53917] #1110 OK  7B pri=1 RPMs<-Engine Control Module : RPM=0
00> [53981] #1111 OK  7B pri=1 RPMs<-Engine Control Module : RPM=0
00> [54046] #1112 OK  7B pri=1 RPMs<-Engine Control Module : RPM=0
00> [54111] #1113 OK  7B pri=1 RPMs<-Engine Control Module : RPM=0
00> [54130] #1114 OK  5B pri=3 Engine status<-HUD : 68 FF 62 03 35
00> [54158] #1115 OK  5B pri=3 Engine status<-Instrument Cluster Panel : 68 FF 61 03 E1
00> [54176] #1116 OK  7B pri=1 RPMs<-Engine Control Module : RPM=0
00> [54240] #1117 OK  7B pri=1 RPMs<-Engine Control Module : RPM=0
00> [54272] #1118 OK  5B pri=3 Engine status<-Engine Control Module : 68 FF 10 03 86
00> [54305] #1119 OK  7B pri=1 RPMs<-Engine Control Module : RPM=0
00> [54370] #1120 OK  7B pri=1 RPMs<-Engine Control Module : RPM=0
00> [54401] #1121 OK  5B pri=3 Malfunction Indicator Lamp<-Engine Control Module : MIL=off
00> [54414] #1122 OK  6B pri=1 Engine status<-Engine Control Module : 28 FF 10 01 07 07
00> [54434] #1123 OK  7B pri=1 RPMs<-Engine Control Module : RPM=0
00> [54499] #1124 OK  7B pri=1 RPMs<-Engine Control Module : RPM=0
00> [54564] #1125 OK  7B pri=1 RPMs<-Engine Control Module : RPM=0
00> [54628] #1126 OK  7B pri=1 RPMs<-Engine Control Module : RPM=0
00> [54693] #1127 OK  7B pri=1 RPMs<-Engine Control Module : RPM=0
00> [54758] #1128 OK  7B pri=1 RPMs<-Engine Control Module : RPM=0
00> [54823] #1129 OK  7B pri=1 RPMs<-Engine Control Module : RPM=0
00> [54887] #1130 OK  7B pri=1 RPMs<-Engine Control Module : RPM=0
00> [54919] #1131 OK  5B pri=6 Malfunction Indicator Lamp<-Engine Control Module : MIL=off
00> [54928] #1132 OK  5B pri=7 Security Indicator Lamp<-Instrument Cluster Panel : SIL=off
00> [54952] #1133 OK  7B pri=1 RPMs<-Engine Control Module : RPM=0
00> [55017] #1134 OK  7B pri=1 RPMs<-Engine Control Module : RPM=0
00> [55081] #1135 OK  7B pri=1 RPMs<-Engine Control Module : RPM=0
00> [55146] #1136 OK  7B pri=1 RPMs<-Engine Control Module : RPM=0
00> [55211] #1137 OK  7B pri=1 RPMs<-Engine Control Module : RPM=0
00> [55276] #1138 OK  7B pri=1 RPMs<-Engine Control Module : RPM=0
00> [55340] #1139 OK  7B pri=1 RPMs<-Engine Control Module : RPM=0
00> [55388] #1140 OK  5B pri=3 Malfunction Indicator Lamp<-Engine Control Module : MIL=off
00> [55394] #1141 OK  5B pri=6 Security Indicator Lamp<-Instrument Cluster Panel : SIL=off
00> [55405] #1142 OK  7B pri=1 RPMs<-Engine Control Module : RPM=0
00> [55421] #1143 OK  8B pri=3 Scanner<-Engine Control Module : DTC reply src=0x10
00> [55470] #1144 OK  7B pri=1 RPMs<-Engine Control Module : RPM=0
00> [55534] #1145 OK  7B pri=1 RPMs<-Engine Control Module : RPM=0
00> [55599] #1146 OK  7B pri=1 RPMs<-Engine Control Module : RPM=0
00> [55664] #1147 OK  7B pri=1 RPMs<-Engine Control Module : RPM=0
00> [55728] #1148 OK  7B pri=1 RPMs<-Engine Control Module : RPM=0
00> [55793] #1149 OK  7B pri=1 RPMs<-Engine Control Module : RPM=0
00> [55858] #1150 OK  7B pri=1 RPMs<-Engine Control Module : RPM=0
00> [55922] #1151 OK  7B pri=1 RPMs<-Engine Control Module : RPM=0
00> [55954] #1152 OK  5B pri=6 Malfunction Indicator Lamp<-Engine Control Module : MIL=off
00> [55962] #1153 OK  5B pri=7 Security Indicator Lamp<-Instrument Cluster Panel : SIL=off
00> [55987] #1154 OK  7B pri=1 RPMs<-Engine Control Module : RPM=0
00> [56052] #1155 OK  7B pri=1 RPMs<-Engine Control Module : RPM=0
00> [56116] #1156 OK  7B pri=1 RPMs<-Engine Control Module : RPM=0
00> [56148] #1157 OK  5B pri=3 Engine status<-Instrument Cluster Panel : 68 FF 61 03 E1
00> [56181] #1158 OK  7B pri=1 RPMs<-Engine Control Module : RPM=0
00> [56246] #1159 OK  7B pri=1 RPMs<-Engine Control Module : RPM=0
00> [56311] #1160 OK  7B pri=1 RPMs<-Engine Control Module : RPM=0
00> [56343] #1161 OK  5B pri=3 Engine status<-Engine Control Module : 68 FF 10 03 86
00> [56375] #1162 OK  7B pri=1 RPMs<-Engine Control Module : RPM=0
00> [56389] #1163 OK  5B pri=6 Security Indicator Lamp<-Instrument Cluster Panel : SIL=off
00> [56418] #1164 OK  6B pri=1 Engine status<-Engine Control Module : 28 FF 10 01 07 07
00> [56440] #1165 OK  7B pri=1 RPMs<-Engine Control Module : RPM=0
00> [56505] #1166 OK  7B pri=1 RPMs<-Engine Control Module : RPM=0
00> [56569] #1167 OK  7B pri=1 RPMs<-Engine Control Module : RPM=0
00> [56634] #1168 OK  7B pri=1 RPMs<-Engine Control Module : RPM=0
00> [56699] #1169 OK  7B pri=1 RPMs<-Engine Control Module : RPM=0
00> [56764] #1170 OK  7B pri=1 RPMs<-Engine Control Module : RPM=0
00> [56828] #1171 OK  7B pri=1 RPMs<-Engine Control Module : RPM=0
00> [56893] #1172 OK  7B pri=1 RPMs<-Engine Control Module : RPM=0
00> [56958] #1173 OK  7B pri=1 RPMs<-Engine Control Module : RPM=0
00> [56990] #1174 OK  5B pri=6 Malfunction Indicator Lamp<-Engine Control Module : MIL=off
00> [57003] #1175 OK  5B pri=7 Security Indicator Lamp<-Instrument Cluster Panel : SIL=off
00> [57022] #1176 OK  7B pri=1 RPMs<-Engine Control Module : RPM=0
00> [57087] #1177 OK  7B pri=1 RPMs<-Engine Control Module : RPM=0
00> [57152] #1178 OK  7B pri=1 RPMs<-Engine Control Module : RPM=0
00> [57216] #1179 OK  7B pri=1 RPMs<-Engine Control Module : RPM=0
00> [57281] #1180 OK  7B pri=1 RPMs<-Engine Control Module : RPM=0
00> [57346] #1181 OK  7B pri=1 RPMs<-Engine Control Module : RPM=0
00> [57360] #1182 OK  5B pri=3 Malfunction Indicator Lamp<-Engine Control Module : MIL=off
00> [57369] #1183 OK  5B pri=6 Security Indicator Lamp<-Instrument Cluster Panel : SIL=off
00> [57410] #1184 OK  7B pri=1 RPMs<-Engine Control Module : RPM=0
00> [57475] #1185 OK  7B pri=1 RPMs<-Engine Control Module : RPM=0
00> [57540] #1186 OK  7B pri=1 RPMs<-Engine Control Module : RPM=0
00> [57605] #1187 OK  7B pri=1 RPMs<-Engine Control Module : RPM=0
00> [57669] #1188 OK  7B pri=1 RPMs<-Engine Control Module : RPM=0
00> [57734] #1189 OK  7B pri=1 RPMs<-Engine Control Module : RPM=0
00> [57799] #1190 OK  7B pri=1 RPMs<-Engine Control Module : RPM=0
00> [57863] #1191 OK  7B pri=1 RPMs<-Engine Control Module : RPM=0
00> [57928] #1192 OK  7B pri=1 RPMs<-Engine Control Module : RPM=0
00> [57993] #1193 OK  7B pri=1 RPMs<-Engine Control Module : RPM=0
00> [58024] #1194 OK  5B pri=6 Malfunction Indicator Lamp<-Engine Control Module : MIL=off
00> [58037] #1195 OK  5B pri=7 Security Indicator Lamp<-Instrument Cluster Panel : SIL=off
00> [58057] #1196 OK  7B pri=1 RPMs<-Engine Control Module : RPM=0
00> [58110] #1197 OK  5B pri=3 Engine status<-HUD : 68 FF 62 03 35
00> [58122] #1198 OK  7B pri=1 RPMs<-Engine Control Module : RPM=0
00> [58137] #1199 OK  5B pri=3 Engine status<-Instrument Cluster Panel : 68 FF 61 03 E1
00> [58187] #1200 OK  7B pri=1 RPMs<-Engine Control Module : RPM=0
00> [58252] #1201 OK  7B pri=1 RPMs<-Engine Control Module : RPM=0
00> [58316] #1202 OK  7B pri=1 RPMs<-Engine Control Module : RPM=0
00> [58348] #1203 OK  5B pri=3 Malfunction Indicator Lamp<-Engine Control Module : MIL=off
00> [58356] #1204 OK  5B pri=6 Security Indicator Lamp<-Instrument Cluster Panel : SIL=off
00> [58381] #1205 OK  7B pri=1 RPMs<-Engine Control Module : RPM=0
00> [58425] #1207 OK  6B pri=1 Engine status<-Engine Control Module : 28 FF 10 01 07 07
00> [58445] #1208 OK  7B pri=1 RPMs<-Engine Control Module : RPM=0
00> [58510] #1209 OK  7B pri=1 RPMs<-Engine Control Module : RPM=0
00> [58575] #1210 OK  7B pri=1 RPMs<-Engine Control Module : RPM=0
00> [58640] #1211 OK  7B pri=1 RPMs<-Engine Control Module : RPM=0
00> [58704] #1212 OK  7B pri=1 RPMs<-Engine Control Module : RPM=0
00> [58769] #1213 OK  7B pri=1 RPMs<-Engine Control Module : RPM=0
00> [58834] #1214 OK  7B pri=1 RPMs<-Engine Control Module : RPM=0
00> [58898] #1215 OK  7B pri=1 RPMs<-Engine Control Module : RPM=0
00> [58963] #1216 OK  7B pri=1 RPMs<-Engine Control Module : RPM=0
00> [59028] #1217 OK  7B pri=1 RPMs<-Engine Control Module : RPM=0
00> [59060] #1218 OK  5B pri=6 Malfunction Indicator Lamp<-Engine Control Module : MIL=off
00> [59071] #1219 OK  5B pri=7 Security Indicator Lamp<-Instrument Cluster Panel : SIL=off
00> [59093] #1220 OK  7B pri=1 RPMs<-Engine Control Module : RPM=0
00> [59157] #1221 OK  7B pri=1 RPMs<-Engine Control Module : RPM=0
00> [59222] #1222 OK  7B pri=1 RPMs<-Engine Control Module : RPM=0
00> [59287] #1223 OK  7B pri=1 RPMs<-Engine Control Module : RPM=0
00> [59335] #1224 OK  5B pri=3 Malfunction Indicator Lamp<-Engine Control Module : MIL=off
00> [59343] #1225 OK  5B pri=6 Security Indicator Lamp<-Instrument Cluster Panel : SIL=off
00> [59351] #1226 OK  7B pri=1 RPMs<-Engine Control Module : RPM=0
00> [59416] #1227 OK  7B pri=1 RPMs<-Engine Control Module : RPM=0
00> [59481] #1228 OK  7B pri=1 RPMs<-Engine Control Module : RPM=0
00> [59546] #1229 OK  7B pri=1 RPMs<-Engine Control Module : RPM=0
00> [59610] #1230 OK  7B pri=1 RPMs<-Engine Control Module : RPM=0
00> [59675] #1231 OK  7B pri=1 RPMs<-Engine Control Module : RPM=0
00> [59739] #1232 OK  7B pri=1 RPMs<-Engine Control Module : RPM=0
00> [59804] #1233 OK  7B pri=1 RPMs<-Engine Control Module : RPM=0
00> [59869] #1234 OK  7B pri=1 RPMs<-Engine Control Module : RPM=0
00> [59934] #1235 OK  7B pri=1 RPMs<-Engine Control Module : RPM=0
00> [59998] #1236 OK  7B pri=1 RPMs<-Engine Control Module : RPM=0
00> [60063] #1237 OK  7B pri=1 RPMs<-Engine Control Module : RPM=0
00> [60095] #1238 OK  5B pri=6 Malfunction Indicator Lamp<-Engine Control Module : MIL=off
00> [60100] #1239 OK  5B pri=3 Engine status<-HUD : 68 FF 62 03 35
00> [60128] #1240 OK  7B pri=1 RPMs<-Engine Control Module : RPM=0
00> [60192] #1241 OK  7B pri=1 RPMs<-Engine Control Module : RPM=0
00> [60257] #1242 OK  7B pri=1 RPMs<-Engine Control Module : RPM=0
00> [60308] Periodic SIL clear -> IPC
00> [60322] #1243 OK  7B pri=1 RPMs<-Engine Control Module : RPM=0
00> [60338] #1244 OK  5B pri=6 Security Indicator Lamp<-Instrument Cluster Panel : SIL=off
00> [60387] #1245 OK  7B pri=1 RPMs<-Engine Control Module : RPM=0
00> [60425] #1246 OK  6B pri=1 Engine status<-Engine Control Module : 28 FF 10 01 07 07
00> [60451] #1247 OK  7B pri=1 RPMs<-Engine Control Module : RPM=0
00> [60482] #1248 OK  5B pri=3 Engine status<-Engine Control Module : 68 FF 10 03 86
00> [60516] #1249 OK  7B pri=1 RPMs<-Engine Control Module : RPM=0
00> [60581] #1250 OK  7B pri=1 RPMs<-Engine Control Module : RPM=0
00> [60645] #1251 OK  7B pri=1 RPMs<-Engine Control Module : RPM=0
00> [60710] #1252 OK  7B pri=1 RPMs<-Engine Control Module : RPM=0
00> [60775] #1253 OK  7B pri=1 RPMs<-Engine Control Module : RPM=0
00> [60839] #1254 OK  7B pri=1 RPMs<-Engine Control Module : RPM=0
00> [60904] #1255 OK  7B pri=1 RPMs<-Engine Control Module : RPM=0
00> [60969] #1256 OK  7B pri=1 RPMs<-Engine Control Module : RPM=0
00> [61034] #1257 OK  7B pri=1 RPMs<-Engine Control Module : RPM=0
00> [61098] #1258 OK  7B pri=1 RPMs<-Engine Control Module : RPM=0
00> [61130] #1259 OK  5B pri=6 Malfunction Indicator Lamp<-Engine Control Module : MIL=off
00> [61139] #1260 OK  5B pri=7 Security Indicator Lamp<-Instrument Cluster Panel : SIL=off
00> [61163] #1261 OK  7B pri=1 RPMs<-Engine Control Module : RPM=0
00> [61228] #1262 OK  7B pri=1 RPMs<-Engine Control Module : RPM=0
00> [61292] #1263 OK  7B pri=1 RPMs<-Engine Control Module : RPM=0
00> [61308] #1264 OK  5B pri=3 Malfunction Indicator Lamp<-Engine Control Module : MIL=off
00> [61318] #1265 OK  5B pri=6 Security Indicator Lamp<-Instrument Cluster Panel : SIL=off
00> [61357] #1266 OK  7B pri=1 RPMs<-Engine Control Module : RPM=0
00> [61422] #1267 OK  7B pri=1 RPMs<-Engine Control Module : RPM=0
00> [61486] #1268 OK  7B pri=1 RPMs<-Engine Control Module : RPM=0
00> [61551] #1269 OK  7B pri=1 RPMs<-Engine Control Module : RPM=0
00> [61616] #1270 OK  7B pri=1 RPMs<-Engine Control Module : RPM=0
00> [61681] #1271 OK  7B pri=1 RPMs<-Engine Control Module : RPM=0
00> [61745] #1272 OK  7B pri=1 RPMs<-Engine Control Module : RPM=0
00> [61810] #1273 OK  7B pri=1 RPMs<-Engine Control Module : RPM=0
00> [61875] #1274 OK  7B pri=1 RPMs<-Engine Control Module : RPM=0
00> [61939] #1275 OK  7B pri=1 RPMs<-Engine Control Module : RPM=0
00> [62004] #1276 OK  7B pri=1 RPMs<-Engine Control Module : RPM=0
00> [62069] #1277 OK  7B pri=1 RPMs<-Engine Control Module : RPM=0
00> [62090] #1278 OK  5B pri=3 Engine status<-HUD : 68 FF 62 03 35
00> [62118] #1279 OK  5B pri=3 Engine status<-Instrument Cluster Panel : 68 FF 61 03 E1
00> [62133] #1280 OK  7B pri=1 RPMs<-Engine Control Module : RPM=0
00> [62165] #1281 OK  5B pri=6 Malfunction Indicator Lamp<-Engine Control Module : MIL=off
00> [62173] #1282 OK  5B pri=7 Security Indicator Lamp<-Instrument Cluster Panel : SIL=off
00> [62198] #1283 OK  7B pri=1 RPMs<-Engine Control Module : RPM=0
00> [62263] #1284 OK  7B pri=1 RPMs<-Engine Control Module : RPM=0
00> [62294] #1285 OK  5B pri=3 Malfunction Indicator Lamp<-Engine Control Module : MIL=off
00> [62305] #1286 OK  5B pri=6 Security Indicator Lamp<-Instrument Cluster Panel : SIL=off
00> [62327] #1287 OK  7B pri=1 RPMs<-Engine Control Module : RPM=0
00> [62392] #1288 OK  7B pri=1 RPMs<-Engine Control Module : RPM=0
00> [62430] #1289 OK  6B pri=1 Engine status<-Engine Control Module : 28 FF 10 01 07 07
00> [62457] #1290 OK  7B pri=1 RPMs<-Engine Control Module : RPM=0
00> [62521] #1291 OK  7B pri=1 RPMs<-Engine Control Module : RPM=0
00> [62553] #1292 OK  5B pri=3 Engine status<-Engine Control Module : 68 FF 10 03 86
00> [62586] #1293 OK  7B pri=1 RPMs<-Engine Control Module : RPM=0
00> [62651] #1294 OK  7B pri=1 RPMs<-Engine Control Module : RPM=0
00> [62716] #1295 OK  7B pri=1 RPMs<-Engine Control Module : RPM=0
00> [62780] #1296 OK  7B pri=1 RPMs<-Engine Control Module : RPM=0
00> [62845] #1297 OK  7B pri=1 RPMs<-Engine Control Module : RPM=0
00> [62910] #1298 OK  7B pri=1 RPMs<-Engine Control Module : RPM=0
00> [62974] #1299 OK  7B pri=1 RPMs<-Engine Control Module : RPM=0
00> [63039] #1300 OK  7B pri=1 RPMs<-Engine Control Module : RPM=0
00> [63104] #1301 OK  7B pri=1 RPMs<-Engine Control Module : RPM=0
00> [63169] #1302 OK  7B pri=1 RPMs<-Engine Control Module : RPM=0
00> [63200] #1303 OK  5B pri=6 Malfunction Indicator Lamp<-Engine Control Module : MIL=off
00> [63206] #1304 OK  5B pri=7 Security Indicator Lamp<-Instrument Cluster Panel : SIL=off
00> [63233] #1305 OK  7B pri=1 RPMs<-Engine Control Module : RPM=0
00> [63280] #1306 OK  5B pri=3 Malfunction Indicator Lamp<-Engine Control Module : MIL=off
00> [63292] #1307 OK  5B pri=6 Security Indicator Lamp<-Instrument Cluster Panel : SIL=off
00> [63363] #1308 OK  7B pri=1 RPMs<-Engine Control Module : RPM=0
00> [63427] #1309 OK  7B pri=1 RPMs<-Engine Control Module : RPM=0
00> [63492] #1310 OK  7B pri=1 RPMs<-Engine Control Module : RPM=0
00> [63557] #1311 OK  7B pri=1 RPMs<-Engine Control Module : RPM=0
00> [63621] #1312 OK  7B pri=1 RPMs<-Engine Control Module : RPM=0
00> [63686] #1313 OK  7B pri=1 RPMs<-Engine Control Module : RPM=0
00> [63751] #1314 OK  7B pri=1 RPMs<-Engine Control Module : RPM=0
00> [63815] #1315 OK  7B pri=1 RPMs<-Engine Control Module : RPM=0
00> [63880] #1316 OK  7B pri=1 RPMs<-Engine Control Module : RPM=0
00> [63945] #1317 OK  7B pri=1 RPMs<-Engine Control Module : RPM=0
00> [64009] #1318 OK  7B pri=1 RPMs<-Engine Control Module : RPM=0
00> [64074] #1319 OK  7B pri=1 RPMs<-Engine Control Module : RPM=0
00> [64081] #1320 OK  5B pri=3 Engine status<-HUD : 68 FF 62 03 35
00> [64107] #1321 OK  5B pri=3 Engine status<-Instrument Cluster Panel : 68 FF 61 03 E1
00> [64139] #1322 OK  7B pri=1 RPMs<-Engine Control Module : RPM=0
00> [64203] #1323 OK  7B pri=1 RPMs<-Engine Control Module : RPM=0
00> [64235] #1324 OK  5B pri=6 Malfunction Indicator Lamp<-Engine Control Module : MIL=off
00> [64248] #1325 OK  5B pri=7 Security Indicator Lamp<-Instrument Cluster Panel : SIL=off
00> [64268] #1326 OK  7B pri=1 RPMs<-Engine Control Module : RPM=0
00> [64280] #1327 OK  5B pri=6 Security Indicator Lamp<-Instrument Cluster Panel : SIL=off
00> [64333] #1328 OK  7B pri=1 RPMs<-Engine Control Module : RPM=0
00> [64398] #1329 OK  7B pri=1 RPMs<-Engine Control Module : RPM=0
00> [64433] #1330 OK  6B pri=1 Engine status<-Engine Control Module : 28 FF 10 01 07 07
00> [64462] #1331 OK  7B pri=1 RPMs<-Engine Control Module : RPM=0
00> [64527] #1332 OK  7B pri=1 RPMs<-Engine Control Module : RPM=0
00> [64592] #1333 OK  7B pri=1 RPMs<-Engine Control Module : RPM=0
00> [64623] #1334 OK  5B pri=3 Engine status<-Engine Control Module : 68 FF 10 03 86
00> [64656] #1335 OK  7B pri=1 RPMs<-Engine Control Module : RPM=0
00> [64721] #1336 OK  7B pri=1 RPMs<-Engine Control Module : RPM=0
00> [64786] #1337 OK  7B pri=1 RPMs<-Engine Control Module : RPM=0
00> [64851] #1338 OK  7B pri=1 RPMs<-Engine Control Module : RPM=0
00> [64915] #1339 OK  7B pri=1 RPMs<-Engine Control Module : RPM=0
00> [64980] #1340 OK  7B pri=1 RPMs<-Engine Control Module : RPM=0
00> [65045] #1341 OK  7B pri=1 RPMs<-Engine Control Module : RPM=0
00> [65109] #1342 OK  7B pri=1 RPMs<-Engine Control Module : RPM=0
00> [65174] #1343 OK  7B pri=1 RPMs<-Engine Control Module : RPM=0
00> [65239] #1344 OK  7B pri=1 RPMs<-Engine Control Module : RPM=0
00> [65254] #1345 OK  5B pri=3 Malfunction Indicator Lamp<-Engine Control Module : MIL=off
00> [65266] #1346 OK  5B pri=6 Security Indicator Lamp<-Instrument Cluster Panel : SIL=off
00> [65282] #1347 OK  5B pri=7 Security Indicator Lamp<-Instrument Cluster Panel : SIL=off
00> [65303] #1348 OK  7B pri=1 RPMs<-Engine Control Module : RPM=0
00> [65368] #1349 OK  7B pri=1 RPMs<-Engine Control Module : RPM=0
00> [65433] #1350 OK  7B pri=1 RPMs<-Engine Control Module : RPM=0
00> [65498] #1351 OK  7B pri=1 RPMs<-Engine Control Module : RPM=0
00> [65562] #1352 OK  7B pri=1 RPMs<-Engine Control Module : RPM=0
00> [65627] #1353 OK  7B pri=1 RPMs<-Engine Control Module : RPM=0
00> [65692] #1354 OK  7B pri=1 RPMs<-Engine Control Module : RPM=0
00> [65756] #1355 OK  7B pri=1 RPMs<-Engine Control Module : RPM=0
00> [65821] #1356 OK  7B pri=1 RPMs<-Engine Control Module : RPM=0
00> [65886] #1357 OK  7B pri=1 RPMs<-Engine Control Module : RPM=0
00> [65950] #1358 OK  7B pri=1 RPMs<-Engine Control Module : RPM=0
00> [66015] #1359 OK  7B pri=1 RPMs<-Engine Control Module : RPM=0
00> [66070] #1360 OK  5B pri=3 Engine status<-HUD : 68 FF 62 03 35
00> [66080] #1361 OK  7B pri=1 RPMs<-Engine Control Module : RPM=0
00> [66097] #1362 OK  5B pri=3 Engine status<-Instrument Cluster Panel : 68 FF 61 03 E1
00> [66144] #1363 OK  7B pri=1 RPMs<-Engine Control Module : RPM=0
00> [66209] #1364 OK  7B pri=1 RPMs<-Engine Control Module : RPM=0
00> [66239] #1365 OK  8B pri=3 Scanner<-Engine Control Module : DTC reply src=0x10
00> [66254] #1366 OK  5B pri=6 Security Indicator Lamp<-Instrument Cluster Panel : SIL=off
00> [66274] #1367 OK  7B pri=1 RPMs<-Engine Control Module : RPM=0
00> [66305] #1368 OK  5B pri=6 Malfunction Indicator Lamp<-Engine Control Module : MIL=off
00> [66316] #1369 OK  5B pri=7 Security Indicator Lamp<-Instrument Cluster Panel : SIL=off
00> [66339] #1370 OK  7B pri=1 RPMs<-Engine Control Module : RPM=0
00> [66403] #1371 OK  7B pri=1 RPMs<-Engine Control Module : RPM=0
00> [66468] #1372 OK  7B pri=1 RPMs<-Engine Control Module : RPM=0
00> [66533] #1373 OK  7B pri=1 RPMs<-Engine Control Module : RPM=0
00> [66597] #1374 OK  7B pri=1 RPMs<-Engine Control Module : RPM=0
00> [66662] #1375 OK  7B pri=1 RPMs<-Engine Control Module : RPM=0
00> [66693] #1376 OK  5B pri=3 Engine status<-Engine Control Module : 68 FF 10 03 86
00> [66727] #1377 OK  7B pri=1 RPMs<-Engine Control Module : RPM=0
00> [66791] #1378 OK  7B pri=1 RPMs<-Engine Control Module : RPM=0
00> [66856] #1379 OK  7B pri=1 RPMs<-Engine Control Module : RPM=0
00> [66921] #1380 OK  7B pri=1 RPMs<-Engine Control Module : RPM=0
00> [66985] #1381 OK  7B pri=1 RPMs<-Engine Control Module : RPM=0
00> [67050] #1382 OK  7B pri=1 RPMs<-Engine Control Module : RPM=0
00> [67115] #1383 OK  7B pri=1 RPMs<-Engine Control Module : RPM=0
00> [67180] #1384 OK  7B pri=1 RPMs<-Engine Control Module : RPM=0
00> [67226] #1385 OK  5B pri=3 Malfunction Indicator Lamp<-Engine Control Module : MIL=off
00> [67233] #1386 OK  5B pri=6 Security Indicator Lamp<-Instrument Cluster Panel : SIL=off
00> [67244] #1387 OK  7B pri=1 RPMs<-Engine Control Module : RPM=0
00> [67309] #1388 OK  7B pri=1 RPMs<-Engine Control Module : RPM=0
00> [67341] #1389 OK  5B pri=6 Malfunction Indicator Lamp<-Engine Control Module : MIL=off
00> [67350] #1390 OK  5B pri=7 Security Indicator Lamp<-Instrument Cluster Panel : SIL=off
00> [67374] #1391 OK  7B pri=1 RPMs<-Engine Control Module : RPM=0
00> [67438] #1392 OK  7B pri=1 RPMs<-Engine Control Module : RPM=0
00> [67503] #1393 OK  7B pri=1 RPMs<-Engine Control Module : RPM=0
00> [67568] #1394 OK  7B pri=1 RPMs<-Engine Control Module : RPM=0
00> [67632] #1395 OK  7B pri=1 RPMs<-Engine Control Module : RPM=0
00> [67697] #1396 OK  7B pri=1 RPMs<-Engine Control Module : RPM=0
00> [67762] #1397 OK  7B pri=1 RPMs<-Engine Control Module : RPM=0
00> [67786] Left switch activated.
00> [67826] #1398 OK  7B pri=1 RPMs<-Engine Control Module : RPM=0
00> [67891] #1399 OK  7B pri=1 RPMs<-Engine Control Module : RPM=0
00> [67896] 110 since the click [67786], L = 0, R = 1.
00> LT was pressed for 110.
00> Left Side toggle
00> Right side off
00> Tracking started at 67896
00> [67956] #1400 OK  7B pri=1 RPMs<-Engine Control Module : RPM=0
00> [68006] 110 since the click [67896], L = 0, R = 1.
00> Waiting for a long press [0].
00> [68021] #1401 OK  7B pri=1 RPMs<-Engine Control Module : RPM=0
00> [68060] #1402 OK  5B pri=3 Engine status<-HUD : 68 FF 62 03 35
00> [68085] #1403 OK  7B pri=1 RPMs<-Engine Control Module : RPM=0
00> [68116] 220 since the click [67896], L = 1, R = 1.
00> Waiting for a long press [1].
00> [68150] #1404 OK  7B pri=1 RPMs<-Engine Control Module : RPM=0
00> [68215] #1405 OK  7B pri=1 RPMs<-Engine Control Module : RPM=0
00> [68226] 330 since the click [67896], L = 1, R = 1.
00> Waiting for a long press [2].
00> [68229] #1406 OK  5B pri=6 Security Indicator Lamp<-Instrument Cluster Panel : SIL=off
00> [68279] #1407 OK  7B pri=1 RPMs<-Engine Control Module : RPM=0
00> [68336] 440 since the click [67896], L = 1, R = 1.
00> Waiting for a long press [3].
00> [68344] #1408 OK  7B pri=1 RPMs<-Engine Control Module : RPM=0
00> [68376] #1409 OK  5B pri=6 Malfunction Indicator Lamp<-Engine Control Module : MIL=off
00> [68384] #1410 OK  5B pri=7 Security Indicator Lamp<-Instrument Cluster Panel : SIL=off
00> Blink ON
00> [68409] #1411 OK  7B pri=1 RPMs<-Engine Control Module : RPM=0
00> [68441] #1412 OK  6B pri=1 Engine status<-Engine Control Module : 28 FF 10 01 07 07
00> [68446] 550 since the click [67896], L = 1, R = 1.
00> Waiting for a long press [4].
00> [68473] #1413 OK  7B pri=1 RPMs<-Engine Control Module : RPM=0
00> [68538] #1414 OK  7B pri=1 RPMs<-Engine Control Module : RPM=0
00> [68556] 660 since the click [67896], L = 1, R = 1.
00> Waiting for a long press [5].
00> Blink OFF
00> [68603] #1415 OK  7B pri=1 RPMs<-Engine Control Module : RPM=0
00> [68666] 770 since the click [67896], L = 1, R = 1.
00> Waiting for a long press [6].
00> [68668] #1416 OK  7B pri=1 RPMs<-Engine Control Module : RPM=0
00> [68732] #1417 OK  7B pri=1 RPMs<-Engine Control Module : RPM=0
00> [68764] #1418 OK  5B pri=3 Engine status<-Engine Control Module : 68 FF 10 03 86
00> [68776] 880 since the click [67896], L = 1, R = 1.
00> Waiting for a long press [7].
00> [68797] #1419 OK  7B pri=1 RPMs<-Engine Control Module : RPM=0
00> [68862] #1420 OK  7B pri=1 RPMs<-Engine Control Module : RPM=0
00> [68886] 990 since the click [67896], L = 1, R = 1.
00> Waiting for a long press [8].
00> [68926] #1421 OK  7B pri=1 RPMs<-Engine Control Module : RPM=0
00> [68991] #1422 OK  7B pri=1 RPMs<-Engine Control Module : RPM=0
00> [68996] 1100 since the click [67896], L = 1, R = 1.
00> Check for a long press.
00> Short press.
00> [69056] #1423 OK  7B pri=1 RPMs<-Engine Control Module : RPM=0
00> [69121] #1424 OK  7B pri=1 RPMs<-Engine Control Module : RPM=0
00> [69185] #1425 OK  7B pri=1 RPMs<-Engine Control Module : RPM=0
00> [69200] #1426 OK  5B pri=3 Malfunction Indicator Lamp<-Engine Control Module : MIL=off
00> [69208] #1427 OK  5B pri=6 Security Indicator Lamp<-Instrument Cluster Panel : SIL=off
00> [69250] #1428 OK  7B pri=1 RPMs<-Engine Control Module : RPM=0
00> [69315] #1429 OK  7B pri=1 RPMs<-Engine Control Module : RPM=0
00> [69379] #1430 OK  7B pri=1 RPMs<-Engine Control Module : RPM=0
00> [69411] #1431 OK  5B pri=6 Malfunction Indicator Lamp<-Engine Control Module : MIL=off
00> [69417] #1432 OK  5B pri=7 Security Indicator Lamp<-Instrument Cluster Panel : SIL=off
00> [69444] #1433 OK  7B pri=1 RPMs<-Engine Control Module : RPM=0
00> Blink ON
00> [69509] #1434 OK  7B pri=1 RPMs<-Engine Control Module : RPM=0
00> [69573] #1435 OK  7B pri=1 RPMs<-Engine Control Module : RPM=0
00> [69638] #1436 OK  7B pri=1 RPMs<-Engine Control Module : RPM=0
00> Blink OFF
00> [69703] #1437 OK  7B pri=1 RPMs<-Engine Control Module : RPM=0
00> [69768] #1438 OK  7B pri=1 RPMs<-Engine Control Module : RPM=0
00> [69832] #1439 OK  7B pri=1 RPMs<-Engine Control Module : RPM=0
00> [69897] #1440 OK  7B pri=1 RPMs<-Engine Control Module : RPM=0
00> [69961] #1441 OK  7B pri=1 RPMs<-Engine Control Module : RPM=0
00> [70026] #1442 OK  7B pri=1 RPMs<-Engine Control Module : RPM=0
00> [70050] #1443 OK  5B pri=3 Engine status<-HUD : 68 FF 62 03 35
00> [70078] #1444 OK  5B pri=3 Engine status<-Instrument Cluster Panel : 68 FF 61 03 E1
00> [70091] #1445 OK  7B pri=1 RPMs<-Engine Control Module : RPM=0
00> [70156] #1446 OK  7B pri=1 RPMs<-Engine Control Module : RPM=0
00> [70187] #1447 OK  5B pri=3 Malfunction Indicator Lamp<-Engine Control Module : MIL=off
00> [70195] #1448 OK  5B pri=6 Security Indicator Lamp<-Instrument Cluster Panel : SIL=off
00> [70220] #1449 OK  7B pri=1 RPMs<-Engine Control Module : RPM=0
00> [70285] #1450 OK  7B pri=1 RPMs<-Engine Control Module : RPM=0
00> [70312] Periodic SIL clear -> IPC
00> [70350] #1451 OK  7B pri=1 RPMs<-Engine Control Module : RPM=0
00> [70414] #1452 OK  7B pri=1 RPMs<-Engine Control Module : RPM=0
00> [70445] #1453 OK  6B pri=1 Engine status<-Engine Control Module : 28 FF 10 01 07 07
00> [70459] #1454 OK  5B pri=7 Security Indicator Lamp<-Instrument Cluster Panel : SIL=off
00> [70479] #1455 OK  7B pri=1 RPMs<-Engine Control Module : RPM=0
00> [70544] #1456 OK  7B pri=1 RPMs<-Engine Control Module : RPM=0
00> Blink ON
00> [70609] #1457 OK  7B pri=1 RPMs<-Engine Control Module : RPM=0
00> [70673] #1458 OK  7B pri=1 RPMs<-Engine Control Module : RPM=0
00> [70738] #1459 OK  7B pri=1 RPMs<-Engine Control Module : RPM=0
00> Blink OFF
00> [70803] #1460 OK  7B pri=1 RPMs<-Engine Control Module : RPM=0
00> [70834] #1461 OK  5B pri=3 Engine status<-Engine Control Module : 68 FF 10 03 86
00> [70867] #1462 OK  7B pri=1 RPMs<-Engine Control Module : RPM=0
00> [70932] #1463 OK  7B pri=1 RPMs<-Engine Control Module : RPM=0
00> [70997] #1464 OK  7B pri=1 RPMs<-Engine Control Module : RPM=0
00> [71061] #1465 OK  7B pri=1 RPMs<-Engine Control Module : RPM=0
00> [71126] #1466 OK  7B pri=1 RPMs<-Engine Control Module : RPM=0
00> [71173] #1467 OK  5B pri=3 Malfunction Indicator Lamp<-Engine Control Module : MIL=off
00> [71182] #1468 OK  5B pri=6 Security Indicator Lamp<-Instrument Cluster Panel : SIL=off
00> [71191] #1469 OK  7B pri=1 RPMs<-Engine Control Module : RPM=0
00> [71255] #1470 OK  7B pri=1 RPMs<-Engine Control Module : RPM=0
00> [71320] #1471 OK  7B pri=1 RPMs<-Engine Control Module : RPM=0
00> [71385] #1472 OK  7B pri=1 RPMs<-Engine Control Module : RPM=0
00> [71450] #1473 OK  7B pri=1 RPMs<-Engine Control Module : RPM=0
00> [71482] #1474 OK  5B pri=6 Malfunction Indicator Lamp<-Engine Control Module : MIL=off
00> [71493] #1475 OK  5B pri=7 Security Indicator Lamp<-Instrument Cluster Panel : SIL=off
00> [71514] #1476 OK  7B pri=1 RPMs<-Engine Control Module : RPM=0
00> [71579] #1477 OK  7B pri=1 RPMs<-Engine Control Module : RPM=0
00> [71644] #1478 OK  7B pri=1 RPMs<-Engine Control Module : RPM=0
00> Blink ON
00> [71708] #1479 OK  7B pri=1 RPMs<-Engine Control Module : RPM=0
00> [71773] #1480 OK  7B pri=1 RPMs<-Engine Control Module : RPM=0
00> [71838] #1481 OK  7B pri=1 RPMs<-Engine Control Module : RPM=0
00> Blink OFF
00> [71902] #1482 OK  7B pri=1 RPMs<-Engine Control Module : RPM=0
00> [71967] #1483 OK  7B pri=1 RPMs<-Engine Control Module : RPM=0
00> [72032] #1484 OK  7B pri=1 RPMs<-Engine Control Module : RPM=0
00> [72041] #1485 OK  5B pri=3 Engine status<-HUD : 68 FF 62 03 35
00> [72067] #1486 OK  5B pri=3 Engine status<-Instrument Cluster Panel : 68 FF 61 03 E1
00> [72097] #1487 OK  7B pri=1 RPMs<-Engine Control Module : RPM=0
00> [72161] #1488 OK  7B pri=1 RPMs<-Engine Control Module : RPM=0
00> [72177] #1489 OK  5B pri=6 Security Indicator Lamp<-Instrument Cluster Panel : SIL=off
00> [72226] #1490 OK  7B pri=1 RPMs<-Engine Control Module : RPM=0
00> [72235] Left switch activated.
00> [72290] #1491 OK  7B pri=1 RPMs<-Engine Control Module : RPM=0
00> [72345] 110 since the click [72235], L = 0, R = 1.
00> LT was pressed for 110.
00> Left Side toggle
00> Left side off
00> [72355] #1492 OK  7B pri=1 RPMs<-Engine Control Module : RPM=0
00> [72420] #1493 OK  7B pri=1 RPMs<-Engine Control Module : RPM=0
00> [72450] #1494 OK  6B pri=1 Engine status<-Engine Control Module : 28 FF 10 01 07 07
00> [72455] 110 since the click [72345], L = 1, R = 1.
00> Waiting for a long press [0].
00> [72485] #1495 OK  7B pri=1 RPMs<-Engine Control Module : RPM=0
00> [72517] #1496 OK  5B pri=6 Malfunction Indicator Lamp<-Engine Control Module : MIL=off
00> [72527] #1497 OK  5B pri=7 Security Indicator Lamp<-Instrument Cluster Panel : SIL=off
00> [72549] #1498 OK  7B pri=1 RPMs<-Engine Control Module : RPM=0
00> [72565] 220 since the click [72345], L = 1, R = 1.
00> Waiting for a long press [1].
00> [72614] #1499 OK  7B pri=1 RPMs<-Engine Control Module : RPM=0
00> [72675] 330 since the click [72345], L = 1, R = 1.
00> Waiting for a long press [2].
00> [72679] #1500 OK  7B pri=1 RPMs<-Engine Control Module : RPM=0
00> [72743] #1501 OK  7B pri=1 RPMs<-Engine Control Module : RPM=0
00> [72785] 440 since the click [72345], L = 1, R = 1.
00> Waiting for a long press [3].
00> [72808] #1502 OK  7B pri=1 RPMs<-Engine Control Module : RPM=0
00> [72873] #1503 OK  7B pri=1 RPMs<-Engine Control Module : RPM=0
00> [72895] 550 since the click [72345], L = 1, R = 1.
00> Waiting for a long press [4].
00> [72904] #1504 OK  5B pri=3 Engine status<-Engine Control Module : 68 FF 10 03 86
00> [72938] #1505 OK  7B pri=1 RPMs<-Engine Control Module : RPM=0
00> [73002] #1506 OK  7B pri=1 RPMs<-Engine Control Module : RPM=0
00> [73005] 660 since the click [72345], L = 1, R = 1.
00> Waiting for a long press [5].
00> [73067] #1507 OK  7B pri=1 RPMs<-Engine Control Module : RPM=0
00> [73115] 770 since the click [72345], L = 1, R = 1.
00> Waiting for a long press [6].
00> [73132] #1508 OK  7B pri=1 RPMs<-Engine Control Module : RPM=0
00> [73147] #1509 OK  5B pri=3 Malfunction Indicator Lamp<-Engine Control Module : MIL=off
00> [73156] #1510 OK  5B pri=6 Security Indicator Lamp<-Instrument Cluster Panel : SIL=off
00> [73196] #1511 OK  7B pri=1 RPMs<-Engine Control Module : RPM=0
00> [73225] 880 since the click [72345], L = 1, R = 1.
00> Waiting for a long press [7].
00> [73261] #1512 OK  7B pri=1 RPMs<-Engine Control Module : RPM=0
00> [73326] #1513 OK  7B pri=1 RPMs<-Engine Control Module : RPM=0
00> [73335] 990 since the click [72345], L = 1, R = 1.
00> Waiting for a long press [8].
00> [73390] #1514 OK  7B pri=1 RPMs<-Engine Control Module : RPM=0
00> [73445] 1100 since the click [72345], L = 1, R = 1.
00> Check for a long press.
00> Short press.
00> [73455] #1515 OK  7B pri=1 RPMs<-Engine Control Module : RPM=0
00> [73520] #1516 OK  7B pri=1 RPMs<-Engine Control Module : RPM=0
00> [73552] #1517 OK  5B pri=6 Malfunction Indicator Lamp<-Engine Control Module : MIL=off
00> [73561] #1518 OK  5B pri=7 Security Indicator Lamp<-Instrument Cluster Panel : SIL=off
00> [73585] #1519 OK  7B pri=1 RPMs<-Engine Control Module : RPM=0
00> [73649] #1520 OK  7B pri=1 RPMs<-Engine Control Module : RPM=0
00> [73714] #1521 OK  7B pri=1 RPMs<-Engine Control Module : RPM=0
00> [73778] #1522 OK  7B pri=1 RPMs<-Engine Control Module : RPM=0
00> [73843] #1523 OK  7B pri=1 RPMs<-Engine Control Module : RPM=0
00> [73908] #1524 OK  7B pri=1 RPMs<-Engine Control Module : RPM=0
00> [73973] #1525 OK  7B pri=1 RPMs<-Engine Control Module : RPM=0
00> [74030] #1526 OK  5B pri=3 Engine status<-HUD : 68 FF 62 03 35
00> [74037] #1527 OK  7B pri=1 RPMs<-Engine Control Module : RPM=0
00> [74057] #1528 OK  5B pri=3 Engine status<-Instrument Cluster Panel : 68 FF 61 03 E1
00> [74102] #1529 OK  7B pri=1 RPMs<-Engine Control Module : RPM=0
00> [74133] #1530 OK  5B pri=3 Malfunction Indicator Lamp<-Engine Control Module : MIL=off
00> [74144] #1531 OK  5B pri=6 Security Indicator Lamp<-Instrument Cluster Panel : SIL=off
00> [74167] #1532 OK  7B pri=1 RPMs<-Engine Control Module : RPM=0
00> [74231] #1533 OK  7B pri=1 RPMs<-Engine Control Module : RPM=0
00> [74296] #1534 OK  7B pri=1 RPMs<-Engine Control Module : RPM=0
00> [74361] #1535 OK  7B pri=1 RPMs<-Engine Control Module : RPM=0
00> [74425] #1536 OK  7B pri=1 RPMs<-Engine Control Module : RPM=0
00> [74454] #1537 OK  6B pri=1 Engine status<-Engine Control Module : 28 FF 10 01 07 07
00> [74490] #1538 OK  7B pri=1 RPMs<-Engine Control Module : RPM=0
00> [74555] #1539 OK  7B pri=1 RPMs<-Engine Control Module : RPM=0
00> [74581] Left switch activated.
00> [74586] #1540 OK  5B pri=6 Malfunction Indicator Lamp<-Engine Control Module : MIL=off
00> [74594] #1541 OK  5B pri=7 Security Indicator Lamp<-Instrument Cluster Panel : SIL=off
00> [74620] #1542 OK  7B pri=1 RPMs<-Engine Control Module : RPM=0
00> [74684] #1543 OK  7B pri=1 RPMs<-Engine Control Module : RPM=0
00> [74691] 110 since the click [74581], L = 0, R = 1.
00> LT was pressed for 110.
00> Left Side toggle
00> Right side off
00> [74749] #1544 OK  7B pri=1 RPMs<-Engine Control Module : RPM=0
00> [74801] 110 since the click [74691], L = 1, R = 1.
00> Waiting for a long press [0].
00> [74813] #1545 OK  7B pri=1 RPMs<-Engine Control Module : RPM=0
00> [74878] #1546 OK  7B pri=1 RPMs<-Engine Control Module : RPM=0
00> [74911] 220 since the click [74691], L = 1, R = 1.
00> Waiting for a long press [1].
00> [74943] #1547 OK  7B pri=1 RPMs<-Engine Control Module : RPM=0
00> [74974] #1548 OK  5B pri=3 Engine status<-Engine Control Module : 68 FF 10 03 86
00> [75008] #1549 OK  7B pri=1 RPMs<-Engine Control Module : RPM=0
00> [75021] 330 since the click [74691], L = 1, R = 1.
00> Waiting for a long press [2].
00> [75072] #1550 OK  7B pri=1 RPMs<-Engine Control Module : RPM=0
00> Blink ON
00> [75120] #1551 OK  5B pri=3 Malfunction Indicator Lamp<-Engine Control Module : MIL=off
00> [75131] #1552 OK  5B pri=6 Security Indicator Lamp<-Instrument Cluster Panel : SIL=off
00> [75131] 440 since the click [74691], L = 1, R = 1.
00> Waiting for a long press [3].
00> [75137] #1553 OK  7B pri=1 RPMs<-Engine Control Module : RPM=0
00> [75202] #1554 OK  7B pri=1 RPMs<-Engine Control Module : RPM=0
00> [75241] 550 since the click [74691], L = 1, R = 1.
00> Waiting for a long press [4].
00> [75266] #1555 OK  7B pri=1 RPMs<-Engine Control Module : RPM=0
00> Blink OFF
00> [75331] #1556 OK  7B pri=1 RPMs<-Engine Control Module : RPM=0
00> [75351] 660 since the click [74691], L = 1, R = 1.
00> Waiting for a long press [5].
00> [75396] #1557 OK  7B pri=1 RPMs<-Engine Control Module : RPM=0
00> [75461] #1558 OK  7B pri=1 RPMs<-Engine Control Module : RPM=0
00> [75461] 770 since the click [74691], L = 1, R = 1.
00> Waiting for a long press [6].
00> [75525] #1559 OK  7B pri=1 RPMs<-Engine Control Module : RPM=0
00> [75571] 880 since the click [74691], L = 1, R = 1.
00> Waiting for a long press [7].
00> [75590] #1560 OK  7B pri=1 RPMs<-Engine Control Module : RPM=0
00> [75622] #1561 OK  5B pri=6 Malfunction Indicator Lamp<-Engine Control Module : MIL=off
00> [75628] #1562 OK  5B pri=7 Security Indicator Lamp<-Instrument Cluster Panel : SIL=off
00> [75655] #1563 OK  7B pri=1 RPMs<-Engine Control Module : RPM=0
00> [75681] 990 since the click [74691], L = 1, R = 1.
00> Waiting for a long press [8].
00> [75719] #1564 OK  7B pri=1 RPMs<-Engine Control Module : RPM=0
00> [75784] #1565 OK  7B pri=1 RPMs<-Engine Control Module : RPM=0
00> [75791] 1100 since the click [74691], L = 1, R = 1.
00> Check for a long press.
00> Short press.
00> [75849] #1566 OK  7B pri=1 RPMs<-Engine Control Module : RPM=0
00> [75913] #1567 OK  7B pri=1 RPMs<-Engine Control Module : RPM=0
00> [75976] Left switch activated.
00> [75978] #1568 OK  7B pri=1 RPMs<-Engine Control Module : RPM=0
00> [76020] #1569 OK  5B pri=3 Engine status<-HUD : 68 FF 62 03 35
00> [76043] #1570 OK  7B pri=1 RPMs<-Engine Control Module : RPM=0
00> [76086] 110 since the click [75976], L = 0, R = 1.
00> LT was pressed for 110.
00> Left Side toggle
00> Left side off
00> [76108] #1571 OK  7B pri=1 RPMs<-Engine Control Module : RPM=0
00> [76119] #1572 OK  5B pri=6 Security Indicator Lamp<-Instrument Cluster Panel : SIL=off
00> [76172] #1573 OK  7B pri=1 RPMs<-Engine Control Module : RPM=0
00> [76196] 110 since the click [76086], L = 1, R = 1.
00> Waiting for a long press [0].
00> [76237] #1574 OK  7B pri=1 RPMs<-Engine Control Module : RPM=0
00> [76302] #1575 OK  7B pri=1 RPMs<-Engine Control Module : RPM=0
00> [76306] 220 since the click [76086], L = 1, R = 1.
00> Waiting for a long press [1].
00> [76366] #1576 OK  7B pri=1 RPMs<-Engine Control Module : RPM=0
00> [76416] 330 since the click [76086], L = 1, R = 1.
00> Waiting for a long press [2].
00> [76431] #1577 OK  7B pri=1 RPMs<-Engine Control Module : RPM=0
00> [76457] #1578 OK  6B pri=1 Engine status<-Engine Control Module : 28 FF 10 01 07 07
00> [76496] #1579 OK  7B pri=1 RPMs<-Engine Control Module : RPM=0
00> [76526] 440 since the click [76086], L = 1, R = 1.
00> Waiting for a long press [3].
00> [76561] #1580 OK  7B pri=1 RPMs<-Engine Control Module : RPM=0
00> [76625] #1581 OK  7B pri=1 RPMs<-Engine Control Module : RPM=0
00> [76636] 550 since the click [76086], L = 1, R = 1.
00> Waiting for a long press [4].
00> [76656] #1582 OK  5B pri=6 Malfunction Indicator Lamp<-Engine Control Module : MIL=off
00> [76670] #1583 OK  5B pri=7 Security Indicator Lamp<-Instrument Cluster Panel : SIL=off
00> [76690] #1584 OK  7B pri=1 RPMs<-Engine Control Module : RPM=0
00> [76746] 660 since the click [76086], L = 1, R = 1.
00> Waiting for a long press [5].
00> [76754] #1585 OK  7B pri=1 RPMs<-Engine Control Module : RPM=0
00> [76819] #1586 OK  7B pri=1 RPMs<-Engine Control Module : RPM=0
00> [76856] 770 since the click [76086], L = 1, R = 1.
00> Waiting for a long press [6].
00> [76884] #1587 OK  7B pri=1 RPMs<-Engine Control Module : RPM=0
00> [76949] #1588 OK  7B pri=1 RPMs<-Engine Control Module : RPM=0
00> [76966] 880 since the click [76086], L = 1, R = 1.
00> Waiting for a long press [7].
00> [77013] #1589 OK  7B pri=1 RPMs<-Engine Control Module : RPM=0
00> [77076] 990 since the click [76086], L = 1, R = 1.
00> Waiting for a long press [8].
00> [77078] #1591 OK  7B pri=1 RPMs<-Engine Control Module : RPM=0
00> [77093] #1592 OK  5B pri=3 Malfunction Indicator Lamp<-Engine Control Module : MIL=off
00> [77105] #1593 OK  5B pri=6 Security Indicator Lamp<-Instrument Cluster Panel : SIL=off
00> [77143] #1594 OK  7B pri=1 RPMs<-Engine Control Module : RPM=0
00> [77186] 1100 since the click [76086], L = 1, R = 1.
00> Check for a long press.
00> Short press.
00> [77207] #1595 OK  7B pri=1 RPMs<-Engine Control Module : RPM=0
00> [77272] #1596 OK  7B pri=1 RPMs<-Engine Control Module : RPM=0
00> [77337] #1597 OK  7B pri=1 RPMs<-Engine Control Module : RPM=0
00> [77401] #1598 OK  7B pri=1 RPMs<-Engine Control Module : RPM=0
00> [77531] #1599 OK  7B pri=1 RPMs<-Engine Control Module : RPM=0
00> [77596] #1600 OK  7B pri=1 RPMs<-Engine Control Module : RPM=0
00> [77660] #1601 OK  7B pri=1 RPMs<-Engine Control Module : RPM=0
00> [77692] #1602 OK  5B pri=6 Malfunction Indicator Lamp<-Engine Control Module : MIL=off
00> [77704] #1603 OK  5B pri=7 Security Indicator Lamp<-Instrument Cluster Panel : SIL=off
00> [77725] #1604 OK  7B pri=1 RPMs<-Engine Control Module : RPM=0
00> [77790] #1605 OK  7B pri=1 RPMs<-Engine Control Module : RPM=0
00> [77854] #1606 OK  7B pri=1 RPMs<-Engine Control Module : RPM=0
00> [77919] #1607 OK  7B pri=1 RPMs<-Engine Control Module : RPM=0
00> [77984] #1608 OK  7B pri=1 RPMs<-Engine Control Module : RPM=0
00> [78010] #1609 OK  5B pri=3 Engine status<-HUD : 68 FF 62 03 35
00> [78037] #1610 OK  5B pri=3 Engine status<-Instrument Cluster Panel : 68 FF 61 03 E1
00> [78048] #1611 OK  7B pri=1 RPMs<-Engine Control Module : RPM=0
00> [78080] #1612 OK  5B pri=3 Malfunction Indicator Lamp<-Engine Control Module : MIL=off
00> [78092] #1613 OK  5B pri=6 Security Indicator Lamp<-Instrument Cluster Panel : SIL=off
00> [78113] #1614 OK  7B pri=1 RPMs<-Engine Control Module : RPM=0
00> [78178] #1615 OK  7B pri=1 RPMs<-Engine Control Module : RPM=0
00> [78242] #1616 OK  7B pri=1 RPMs<-Engine Control Module : RPM=0
00> [78307] #1617 OK  7B pri=1 RPMs<-Engine Control Module : RPM=0
00> [78372] #1618 OK  7B pri=1 RPMs<-Engine Control Module : RPM=0
00> [78437] #1619 OK  7B pri=1 RPMs<-Engine Control Module : RPM=0
00> [78461] #1620 OK  6B pri=1 Engine status<-Engine Control Module : 28 FF 10 01 07 07
00> [78501] #1621 OK  7B pri=1 RPMs<-Engine Control Module : RPM=0
00> [78566] #1622 OK  7B pri=1 RPMs<-Engine Control Module : RPM=0
00> [78631] #1623 OK  7B pri=1 RPMs<-Engine Control Module : RPM=0
00> [78695] #1624 OK  7B pri=1 RPMs<-Engine Control Module : RPM=0
00> [78727] #1625 OK  5B pri=6 Malfunction Indicator Lamp<-Engine Control Module : MIL=off
00> [78738] #1626 OK  5B pri=7 Security Indicator Lamp<-Instrument Cluster Panel : SIL=off
00> [78760] #1627 OK  7B pri=1 RPMs<-Engine Control Module : RPM=0
00> [78825] #1628 OK  7B pri=1 RPMs<-Engine Control Module : RPM=0
00> [78890] #1629 OK  7B pri=1 RPMs<-Engine Control Module : RPM=0
00> [78954] #1630 OK  7B pri=1 RPMs<-Engine Control Module : RPM=0
00> [79019] #1631 OK  7B pri=1 RPMs<-Engine Control Module : RPM=0
00> [79066] #1632 OK  5B pri=3 Malfunction Indicator Lamp<-Engine Control Module : MIL=off
00> [79080] #1633 OK  5B pri=6 Security Indicator Lamp<-Instrument Cluster Panel : SIL=off
00> [79115] #1634 OK  5B pri=3 Engine status<-Engine Control Module : 68 FF 10 03 86
00> [79148] #1635 OK  7B pri=1 RPMs<-Engine Control Module : RPM=0
00> [79213] #1636 OK  7B pri=1 RPMs<-Engine Control Module : RPM=0
00> [79278] #1637 OK  7B pri=1 RPMs<-Engine Control Module : RPM=0
00> [79343] #1638 OK  7B pri=1 RPMs<-Engine Control Module : RPM=0
00> [79407] #1639 OK  7B pri=1 RPMs<-Engine Control Module : RPM=0
00> [79472] #1640 OK  7B pri=1 RPMs<-Engine Control Module : RPM=0
00> [79536] #1641 OK  7B pri=1 RPMs<-Engine Control Module : RPM=0
00> [79601] #1642 OK  7B pri=1 RPMs<-Engine Control Module : RPM=0
00> [79666] #1643 OK  7B pri=1 RPMs<-Engine Control Module : RPM=0
00> [79731] #1644 OK  7B pri=1 RPMs<-Engine Control Module : RPM=0
00> [79762] #1645 OK  5B pri=6 Malfunction Indicator Lamp<-Engine Control Module : MIL=off
00> [79772] #1646 OK  5B pri=7 Security Indicator Lamp<-Instrument Cluster Panel : SIL=off
00> [79795] #1647 OK  7B pri=1 RPMs<-Engine Control Module : RPM=0
00> [79860] #1648 OK  7B pri=1 RPMs<-Engine Control Module : RPM=0
00> [79925] #1649 OK  7B pri=1 RPMs<-Engine Control Module : RPM=0
00> [79989] #1650 OK  7B pri=1 RPMs<-Engine Control Module : RPM=0
00> [80001] #1651 OK  5B pri=3 Engine status<-HUD : 68 FF 62 03 35
00> [80027] #1652 OK  5B pri=3 Engine status<-Instrument Cluster Panel : 68 FF 61 03 E1
00> [80054] #1653 OK  7B pri=1 RPMs<-Engine Control Module : RPM=0
00> [80068] #1654 OK  5B pri=6 Security Indicator Lamp<-Instrument Cluster Panel : SIL=off
00> [80119] #1655 OK  7B pri=1 RPMs<-Engine Control Module : RPM=0
00> [80184] #1656 OK  7B pri=1 RPMs<-Engine Control Module : RPM=0
00> [80248] #1657 OK  7B pri=1 RPMs<-Engine Control Module : RPM=0
00> [80313] #1658 OK  7B pri=1 RPMs<-Engine Control Module : RPM=0
00> [80316] Periodic SIL clear -> IPC
00> [80378] #1659 OK  7B pri=1 RPMs<-Engine Control Module : RPM=0
00> [80442] #1660 OK  7B pri=1 RPMs<-Engine Control Module : RPM=0
00> [80466] #1661 OK  6B pri=1 Engine status<-Engine Control Module : 28 FF 10 01 07 07
00> [80507] #1662 OK  7B pri=1 RPMs<-Engine Control Module : RPM=0
00> [80572] #1663 OK  7B pri=1 RPMs<-Engine Control Module : RPM=0
00> [80636] #1664 OK  7B pri=1 RPMs<-Engine Control Module : RPM=0
00> [80701] #1665 OK  7B pri=1 RPMs<-Engine Control Module : RPM=0
00> [80766] #1666 OK  7B pri=1 RPMs<-Engine Control Module : RPM=0
00> [80797] #1667 OK  5B pri=6 Malfunction Indicator Lamp<-Engine Control Module : MIL=off
00> [80805] #1668 OK  5B pri=7 Security Indicator Lamp<-Instrument Cluster Panel : SIL=off
00> [80831] #1669 OK  7B pri=1 RPMs<-Engine Control Module : RPM=0
00> [80895] #1670 OK  7B pri=1 RPMs<-Engine Control Module : RPM=0
00> [80960] #1671 OK  7B pri=1 RPMs<-Engine Control Module : RPM=0
00> [81025] #1672 OK  7B pri=1 RPMs<-Engine Control Module : RPM=0
00> [81040] #1673 OK  5B pri=3 Malfunction Indicator Lamp<-Engine Control Module : MIL=off
00> [81046] #1674 OK  5B pri=6 Security Indicator Lamp<-Instrument Cluster Panel : SIL=off
00> [81089] #1675 OK  7B pri=1 RPMs<-Engine Control Module : RPM=0
00> [81154] #1676 OK  7B pri=1 RPMs<-Engine Control Module : RPM=0
00> [81186] #1677 OK  5B pri=3 Engine status<-Engine Control Module : 68 FF 10 03 86
00> [81219] #1678 OK  7B pri=1 RPMs<-Engine Control Module : RPM=0
00> [81283] #1679 OK  7B pri=1 RPMs<-Engine Control Module : RPM=0
00> [81348] #1680 OK  7B pri=1 RPMs<-Engine Control Module : RPM=0
00> [81413] #1681 OK  7B pri=1 RPMs<-Engine Control Module : RPM=0
00> [81477] #1682 OK  7B pri=1 RPMs<-Engine Control Module : RPM=0
00> [81529] Right switch activated.
00> [81542] #1683 OK  7B pri=1 RPMs<-Engine Control Module : RPM=0
00> [81607] #1684 OK  7B pri=1 RPMs<-Engine Control Module : RPM=0
00> [81639] 110 since the click [81529], L = 1, R = 0.
00> RT was pressed for 110.
00> Right Side toggle
00> Left side off
00> [81672] #1685 OK  7B pri=1 RPMs<-Engine Control Module : RPM=0
00> Blink ON
00> [81736] #1686 OK  7B pri=1 RPMs<-Engine Control Module : RPM=0
00> [81750] 110 since the click [81640], L = 1, R = 1.
00> Waiting for a long press [0].
00> [81801] #1687 OK  7B pri=1 RPMs<-Engine Control Module : RPM=0
00> [81833] #1688 OK  5B pri=6 Malfunction Indicator Lamp<-Engine Control Module : MIL=off
00> [81839] #1689 OK  5B pri=7 Security Indicator Lamp<-Instrument Cluster Panel : SIL=off
00> [81860] 220 since the click [81640], L = 1, R = 1.
00> Waiting for a long press [1].
00> [81866] #1690 OK  7B pri=1 RPMs<-Engine Control Module : RPM=0
00> [81930] #1691 OK  7B pri=1 RPMs<-Engine Control Module : RPM=0
00> Blink OFF
00> [81970] 330 since the click [81640], L = 1, R = 1.
00> Waiting for a long press [2].
00> [81990] #1692 OK  5B pri=3 Engine status<-HUD : 68 FF 62 03 35
00> [82017] #1693 OK  5B pri=3 Engine status<-Instrument Cluster Panel : 68 FF 61 03 E1
00> [82026] #1694 OK  5B pri=3 Malfunction Indicator Lamp<-Engine Control Module : MIL=off
00> [82034] #1695 OK  5B pri=6 Security Indicator Lamp<-Instrument Cluster Panel : SIL=off
00> [82060] #1696 OK  7B pri=1 RPMs<-Engine Control Module : RPM=0
00> [82080] 440 since the click [81640], L = 1, R = 1.
00> Waiting for a long press [3].
00> [82125] #1697 OK  7B pri=1 RPMs<-Engine Control Module : RPM=0
00> [82189] #1698 OK  7B pri=1 RPMs<-Engine Control Module : RPM=0
00> [82190] 550 since the click [81640], L = 1, R = 1.
00> Waiting for a long press [4].
00> [82254] #1699 OK  7B pri=1 RPMs<-Engine Control Module : RPM=0
00> [82300] 660 since the click [81640], L = 1, R = 1.
00> Waiting for a long press [5].
00> [82318] #1700 OK  7B pri=1 RPMs<-Engine Control Module : RPM=0
00> [82383] #1701 OK  7B pri=1 RPMs<-Engine Control Module : RPM=0
00> [82410] 770 since the click [81640], L = 1, R = 1.
00> Waiting for a long press [6].
00> [82448] #1702 OK  7B pri=1 RPMs<-Engine Control Module : RPM=0
00> [82470] #1703 OK  6B pri=1 Engine status<-Engine Control Module : 28 FF 10 01 07 07
00> [82513] #1704 OK  7B pri=1 RPMs<-Engine Control Module : RPM=0
00> [82520] 880 since the click [81640], L = 1, R = 1.
00> Waiting for a long press [7].
00> [82577] #1705 OK  7B pri=1 RPMs<-Engine Control Module : RPM=0
00> [82630] 990 since the click [81640], L = 1, R = 1.
00> Waiting for a long press [8].
00> [82642] #1706 OK  7B pri=1 RPMs<-Engine Control Module : RPM=0
00> [82707] #1707 OK  7B pri=1 RPMs<-Engine Control Module : RPM=0
00> [82740] 1100 since the click [81640], L = 1, R = 1.
00> Check for a long press.
00> Short press.
00> [82771] #1708 OK  7B pri=1 RPMs<-Engine Control Module : RPM=0
00> Blink ON
00> [82836] #1709 OK  7B pri=1 RPMs<-Engine Control Module : RPM=0
00> [82868] #1710 OK  5B pri=6 Malfunction Indicator Lamp<-Engine Control Module : MIL=off
00> [82881] #1711 OK  5B pri=7 Security Indicator Lamp<-Instrument Cluster Panel : SIL=off
00> [82901] #1712 OK  7B pri=1 RPMs<-Engine Control Module : RPM=0
00> [82965] #1713 OK  7B pri=1 RPMs<-Engine Control Module : RPM=0
00> [83013] #1714 OK  5B pri=3 Malfunction Indicator Lamp<-Engine Control Module : MIL=off
00> [83021] #1715 OK  5B pri=6 Security Indicator Lamp<-Instrument Cluster Panel : SIL=off
00> Blink OFF
00> [83030] #1716 OK  7B pri=1 RPMs<-Engine Control Module : RPM=0
00> [83095] #1717 OK  7B pri=1 RPMs<-Engine Control Module : RPM=0
00> [83159] #1718 OK  7B pri=1 RPMs<-Engine Control Module : RPM=0
00> [83224] #1719 OK  7B pri=1 RPMs<-Engine Control Module : RPM=0
00> [83256] #1720 OK  5B pri=3 Engine status<-Engine Control Module : 68 FF 10 03 86
00> [83289] #1721 OK  7B pri=1 RPMs<-Engine Control Module : RPM=0
00> [83354] #1722 OK  7B pri=1 RPMs<-Engine Control Module : RPM=0
00> [83418] #1723 OK  7B pri=1 RPMs<-Engine Control Module : RPM=0
00> [83483] #1724 OK  7B pri=1 RPMs<-Engine Control Module : RPM=0
00> [83548] #1725 OK  7B pri=1 RPMs<-Engine Control Module : RPM=0
00> [83612] #1726 OK  7B pri=1 RPMs<-Engine Control Module : RPM=0
00> [83677] #1727 OK  7B pri=1 RPMs<-Engine Control Module : RPM=0
00> [83742] #1728 OK  7B pri=1 RPMs<-Engine Control Module : RPM=0
00> [83807] #1729 OK  7B pri=1 RPMs<-Engine Control Module : RPM=0
00> [83807] Right switch activated.
00> [83871] #1730 OK  7B pri=1 RPMs<-Engine Control Module : RPM=0
00> [83903] #1731 OK  5B pri=6 Malfunction Indicator Lamp<-Engine Control Module : MIL=off
00> [83915] #1732 OK  5B pri=7 Security Indicator Lamp<-Instrument Cluster Panel : SIL=off
00> Blink ON
00> [83917] 110 since the click [83807], L = 1, R = 0.
00> RT was pressed for 110.
00> Right Side toggle
00> Right side off
00> [83936] #1733 OK  7B pri=1 RPMs<-Engine Control Module : RPM=0
00> [83980] #1734 OK  5B pri=3 Engine status<-HUD : 68 FF 62 03 35
00> [84001] #1735 OK  7B pri=1 RPMs<-Engine Control Module : RPM=0
00> [84010] #1736 OK  5B pri=3 Engine status<-Instrument Cluster Panel : 68 FF 61 03 E1
00> [84016] #1737 OK  5B pri=6 Security Indicator Lamp<-Instrument Cluster Panel : SIL=off
00> [84027] 110 since the click [83917], L = 1, R = 1.
00> Waiting for a long press [0].
00> [84065] #1738 OK  7B pri=1 RPMs<-Engine Control Module : RPM=0
00> [84130] #1739 OK  7B pri=1 RPMs<-Engine Control Module : RPM=0
00> [84137] 220 since the click [83917], L = 1, R = 1.
00> Waiting for a long press [1].
00> [84195] #1740 OK  7B pri=1 RPMs<-Engine Control Module : RPM=0
00> [84247] 330 since the click [83917], L = 1, R = 1.
00> Waiting for a long press [2].
00> [84259] #1741 OK  7B pri=1 RPMs<-Engine Control Module : RPM=0
00> [84324] #1742 OK  7B pri=1 RPMs<-Engine Control Module : RPM=0
00> [84357] 440 since the click [83917], L = 1, R = 1.
00> Waiting for a long press [3].
00> [84389] #1743 OK  7B pri=1 RPMs<-Engine Control Module : RPM=0
00> [84427] Right switch activated.
00> [84453] #1744 OK  7B pri=1 RPMs<-Engine Control Module : RPM=0
00> [84473] #1745 OK  6B pri=1 Engine status<-Engine Control Module : 28 FF 10 01 07 07
00> [84518] #1746 OK  7B pri=1 RPMs<-Engine Control Module : RPM=0
00> [84537] 110 since the click [84427], L = 1, R = 0.
00> Waiting for a long press [4].
00> [84583] #1747 OK  7B pri=1 RPMs<-Engine Control Module : RPM=0
00> [84647] 220 since the click [84427], L = 1, R = 1.
00> Waiting for a long press [5].
00> [84648] #1748 OK  7B pri=1 RPMs<-Engine Control Module : RPM=0
00> [84712] #1749 OK  7B pri=1 RPMs<-Engine Control Module : RPM=0
00> [84757] 330 since the click [84427], L = 1, R = 1.
00> Waiting for a long press [6].
00> [84777] #1750 OK  7B pri=1 RPMs<-Engine Control Module : RPM=0
00> [84842] #1751 OK  7B pri=1 RPMs<-Engine Control Module : RPM=0
00> [84867] 440 since the click [84427], L = 1, R = 1.
00> Waiting for a long press [7].
00> [84906] #1752 OK  7B pri=1 RPMs<-Engine Control Module : RPM=0
00> [84938] #1753 OK  5B pri=6 Malfunction Indicator Lamp<-Engine Control Module : MIL=off
00> [84949] #1754 OK  5B pri=7 Security Indicator Lamp<-Instrument Cluster Panel : SIL=off
00> [84971] #1755 OK  7B pri=1 RPMs<-Engine Control Module : RPM=0
00> [84977] 550 since the click [84427], L = 1, R = 1.
00> Waiting for a long press [8].
00> [84986] #1756 OK  5B pri=3 Malfunction Indicator Lamp<-Engine Control Module : MIL=off
00> [84995] #1757 OK  5B pri=6 Security Indicator Lamp<-Instrument Cluster Panel : SIL=off
00> [85036] #1758 OK  7B pri=1 RPMs<-Engine Control Module : RPM=0
00> [85087] 660 since the click [84427], L = 1, R = 1.
00> Check for a long press.
00> Short press.
00> [85100] #1759 OK  7B pri=1 RPMs<-Engine Control Module : RPM=0
00> [85165] #1760 OK  7B pri=1 RPMs<-Engine Control Module : RPM=0
00> [85230] #1761 OK  7B pri=1 RPMs<-Engine Control Module : RPM=0
00> [85294] #1762 OK  7B pri=1 RPMs<-Engine Control Module : RPM=0
00> [85326] #1763 OK  5B pri=3 Engine status<-Engine Control Module : 68 FF 10 03 86
00> [85359] #1764 OK  7B pri=1 RPMs<-Engine Control Module : RPM=0
00> [85424] #1765 OK  7B pri=1 RPMs<-Engine Control Module : RPM=0
00> [85488] #1766 OK  7B pri=1 RPMs<-Engine Control Module : RPM=0
00> [85553] #1767 OK  7B pri=1 RPMs<-Engine Control Module : RPM=0
00> [85618] #1768 OK  7B pri=1 RPMs<-Engine Control Module : RPM=0
00> [85683] #1769 OK  7B pri=1 RPMs<-Engine Control Module : RPM=0
00> [85740] Right switch activated.
00> [85747] #1770 OK  7B pri=1 RPMs<-Engine Control Module : RPM=0
00> [85812] #1771 OK  7B pri=1 RPMs<-Engine Control Module : RPM=0
00> [85850] 110 since the click [85740], L = 1, R = 0.
00> RT was pressed for 110.
00> Right Side toggle
00> Left side off
00> Blink OFF
00> [85877] #1772 OK  7B pri=1 RPMs<-Engine Control Module : RPM=0
00> [85941] #1773 OK  7B pri=1 RPMs<-Engine Control Module : RPM=0
00> [85960] 110 since the click [85850], L = 1, R = 1.
00> Waiting for a long press [0].
00> [85970] #1774 OK  5B pri=3 Engine status<-HUD : 68 FF 62 03 35
00> [85979] #1775 OK  5B pri=6 Malfunction Indicator Lamp<-Engine Control Module : MIL=off
00> [85990] #1776 OK  5B pri=7 Security Indicator Lamp<-Instrument Cluster Panel : SIL=off
00> [85997] #1777 OK  5B pri=3 Engine status<-Instrument Cluster Panel : 68 FF 61 03 E1
00> [86006] #1778 OK  7B pri=1 RPMs<-Engine Control Module : RPM=0
00> [86070] 220 since the click [85850], L = 1, R = 1.
00> Waiting for a long press [1].
00> [86071] #1779 OK  7B pri=1 RPMs<-Engine Control Module : RPM=0
00> [86136] #1780 OK  7B pri=1 RPMs<-Engine Control Module : RPM=0
00> [86180] 330 since the click [85850], L = 1, R = 1.
00> Waiting for a long press [2].
00> [86200] #1781 OK  7B pri=1 RPMs<-Engine Control Module : RPM=0
00> [86265] #1782 OK  7B pri=1 RPMs<-Engine Control Module : RPM=0
00> [86290] 440 since the click [85850], L = 1, R = 1.
00> Waiting for a long press [3].
00> [86330] #1783 OK  7B pri=1 RPMs<-Engine Control Module : RPM=0
00> Blink ON
00> [86394] #1784 OK  7B pri=1 RPMs<-Engine Control Module : RPM=0
00> [86400] 550 since the click [85850], L = 1, R = 1.
00> Waiting for a long press [4].
00> [86459] #1785 OK  7B pri=1 RPMs<-Engine Control Module : RPM=0
00> [86477] #1786 OK  6B pri=1 Engine status<-Engine Control Module : 28 FF 10 01 07 07
00> [86510] 660 since the click [85850], L = 1, R = 1.
00> Waiting for a long press [5].
00> [86524] #1787 OK  7B pri=1 RPMs<-Engine Control Module : RPM=0
00> Blink OFF
00> [86588] #1788 OK  7B pri=1 RPMs<-Engine Control Module : RPM=0
00> [86620] 770 since the click [85850], L = 1, R = 1.
00> Waiting for a long press [6].
00> [86653] #1789 OK  7B pri=1 RPMs<-Engine Control Module : RPM=0
00> [86718] #1790 OK  7B pri=1 RPMs<-Engine Control Module : RPM=0
00> [86730] 880 since the click [85850], L = 1, R = 1.
00> Waiting for a long press [7].
00> [86782] #1791 OK  7B pri=1 RPMs<-Engine Control Module : RPM=0
00> [86840] 990 since the click [85850], L = 1, R = 1.
00> Waiting for a long press [8].
00> [86847] #1792 OK  7B pri=1 RPMs<-Engine Control Module : RPM=0
00> [86912] #1793 OK  7B pri=1 RPMs<-Engine Control Module : RPM=0
00> [86950] 1100 since the click [85850], L = 1, R = 1.
00> Check for a long press.
00> Short press.
00> [86959] #1794 OK  5B pri=3 Malfunction Indicator Lamp<-Engine Control Module : MIL=off
00> [86970] #1795 OK  5B pri=6 Security Indicator Lamp<-Instrument Cluster Panel : SIL=off
00> [86977] #1796 OK  7B pri=1 RPMs<-Engine Control Module : RPM=0
00> [87008] #1797 OK  5B pri=6 Malfunction Indicator Lamp<-Engine Control Module : MIL=off
00> [87016] #1798 OK  5B pri=7 Security Indicator Lamp<-Instrument Cluster Panel : SIL=off
00> [87041] #1799 OK  7B pri=1 RPMs<-Engine Control Module : RPM=0
00> [87106] #1800 OK  7B pri=1 RPMs<-Engine Control Module : RPM=0
00> [87145] Right switch activated.
00> [87171] #1801 OK  7B pri=1 RPMs<-Engine Control Module : RPM=0
00> [87235] #1802 OK  7B pri=1 RPMs<-Engine Control Module : RPM=0
00> [87255] 110 since the click [87145], L = 1, R = 0.
00> RT was pressed for 110.
00> Right Side toggle
00> Right side off
00> [87300] #1803 OK  7B pri=1 RPMs<-Engine Control Module : RPM=0
00> [87365] #1804 OK  7B pri=1 RPMs<-Engine Control Module : RPM=0
00> [87365] 110 since the click [87255], L = 1, R = 1.
00> Waiting for a long press [0].
00> [87396] #1805 OK  5B pri=3 Engine status<-Engine Control Module : 68 FF 10 03 86
00> [87429] #1806 OK  7B pri=1 RPMs<-Engine Control Module : RPM=0
00> [87475] 220 since the click [87255], L = 1, R = 1.
00> Waiting for a long press [1].
00> [87494] #1807 OK  7B pri=1 RPMs<-Engine Control Module : RPM=0
00> [87559] #1808 OK  7B pri=1 RPMs<-Engine Control Module : RPM=0
00> [87585] 330 since the click [87255], L = 1, R = 1.
00> Waiting for a long press [2].
00> [87624] #1809 OK  7B pri=1 RPMs<-Engine Control Module : RPM=0
00> [87688] #1810 OK  7B pri=1 RPMs<-Engine Control Module : RPM=0
00> [87695] 440 since the click [87255], L = 1, R = 1.
00> Waiting for a long press [3].
00> [87753] #1811 OK  7B pri=1 RPMs<-Engine Control Module : RPM=0
00> [87805] 550 since the click [87255], L = 1, R = 1.
00> Waiting for a long press [4].
00> [87818] #1812 OK  7B pri=1 RPMs<-Engine Control Module : RPM=0
00> [87876] #1813 OK  8B pri=3 Scanner<-Engine Control Module : DTC reply src=0x10
00> [87882] #1814 OK  7B pri=1 RPMs<-Engine Control Module : RPM=0
00> [87904] Right switch activated.
00> [87947] #1815 OK  7B pri=1 RPMs<-Engine Control Module : RPM=0
00> [87958] #1816 OK  5B pri=6 Security Indicator Lamp<-Instrument Cluster Panel : SIL=off
00> [87987] #1817 OK  5B pri=3 Engine status<-Instrument Cluster Panel : 68 FF 61 03 E1
00> [88012] #1818 OK  7B pri=1 RPMs<-Engine Control Module : RPM=0
00> [88013] 109 since the click [87904], L = 1, R = 0.
00> Waiting for a long press [5].
00> [88044] #1819 OK  5B pri=6 Malfunction Indicator Lamp<-Engine Control Module : MIL=off
00> [88050] #1820 OK  5B pri=7 Security Indicator Lamp<-Instrument Cluster Panel : SIL=off
00> [88123] 219 since the click [87904], L = 1, R = 1.
00> Waiting for a long press [6].
00> [88141] #1821 OK  7B pri=1 RPMs<-Engine Control Module : RPM=0
00> [88206] #1822 OK  7B pri=1 RPMs<-Engine Control Module : RPM=0
00> [88233] 329 since the click [87904], L = 1, R = 1.
00> Waiting for a long press [7].
00> [88271] #1823 OK  7B pri=1 RPMs<-Engine Control Module : RPM=0
00> [88335] #1824 OK  7B pri=1 RPMs<-Engine Control Module : RPM=0
00> [88343] 439 since the click [87904], L = 1, R = 1.
00> Waiting for a long press [8].
00> [88400] #1825 OK  7B pri=1 RPMs<-Engine Control Module : RPM=0
00> [88453] 549 since the click [87904], L = 1, R = 1.
00> Check for a long press.
00> Short press.
00> [88465] #1826 OK  7B pri=1 RPMs<-Engine Control Module : RPM=0
00> [88481] #1827 OK  6B pri=1 Engine status<-Engine Control Module : 28 FF 10 01 07 07
00> [88529] #1828 OK  7B pri=1 RPMs<-Engine Control Module : RPM=0
00> [88594] #1829 OK  7B pri=1 RPMs<-Engine Control Module : RPM=0
00> [88659] #1830 OK  7B pri=1 RPMs<-Engine Control Module : RPM=0
00> [88723] #1831 OK  7B pri=1 RPMs<-Engine Control Module : RPM=0
00> [88788] #1832 OK  7B pri=1 RPMs<-Engine Control Module : RPM=0
00> [88853] #1833 OK  7B pri=1 RPMs<-Engine Control Module : RPM=0
00> [88917] #1834 OK  7B pri=1 RPMs<-Engine Control Module : RPM=0
00> [88933] #1835 OK  5B pri=3 Malfunction Indicator Lamp<-Engine Control Module : MIL=off
00> [88944] #1836 OK  5B pri=6 Security Indicator Lamp<-Instrument Cluster Panel : SIL=off
00> [88982] #1837 OK  7B pri=1 RPMs<-Engine Control Module : RPM=0
00> [89047] #1838 OK  7B pri=1 RPMs<-Engine Control Module : RPM=0
00> [89078] #1839 OK  5B pri=6 Malfunction Indicator Lamp<-Engine Control Module : MIL=off
00> [89081] Right switch activated.
00> [89092] #1840 OK  5B pri=7 Security Indicator Lamp<-Instrument Cluster Panel : SIL=off
00> [89111] #1841 OK  7B pri=1 RPMs<-Engine Control Module : RPM=0
00> [89176] #1842 OK  7B pri=1 RPMs<-Engine Control Module : RPM=0
00> [89191] 110 since the click [89081], L = 1, R = 0.
00> RT was pressed for 110.
00> Right Side toggle
00> Left side off
00> [89241] #1843 OK  7B pri=1 RPMs<-Engine Control Module : RPM=0
00> [89301] 110 since the click [89191], L = 1, R = 1.
00> Waiting for a long press [0].
00> [89306] #1844 OK  7B pri=1 RPMs<-Engine Control Module : RPM=0
00> Blink ON
00> [89370] #1845 OK  7B pri=1 RPMs<-Engine Control Module : RPM=0
00> [89411] 220 since the click [89191], L = 1, R = 1.
00> Waiting for a long press [1].
00> [89435] #1846 OK  7B pri=1 RPMs<-Engine Control Module : RPM=0
00> [89467] #1847 OK  5B pri=3 Engine status<-Engine Control Module : 68 FF 10 03 86
00> [89500] #1848 OK  7B pri=1 RPMs<-Engine Control Module : RPM=0
00> [89521] 330 since the click [89191], L = 1, R = 1.
00> Waiting for a long press [2].
00> Blink OFF
00> [89564] #1849 OK  7B pri=1 RPMs<-Engine Control Module : RPM=0
00> [89629] #1850 OK  7B pri=1 RPMs<-Engine Control Module : RPM=0
00> [89631] 440 since the click [89191], L = 1, R = 1.
00> Waiting for a long press [3].
00> [89694] #1851 OK  7B pri=1 RPMs<-Engine Control Module : RPM=0
00> [89741] 550 since the click [89191], L = 1, R = 1.
00> Waiting for a long press [4].
00> [89758] #1852 OK  7B pri=1 RPMs<-Engine Control Module : RPM=0
00> [89823] #1853 OK  7B pri=1 RPMs<-Engine Control Module : RPM=0
00> [89851] 660 since the click [89191], L = 1, R = 1.
00> Waiting for a long press [5].
00> [89888] #1854 OK  7B pri=1 RPMs<-Engine Control Module : RPM=0
00> [89919] #1855 OK  5B pri=3 Malfunction Indicator Lamp<-Engine Control Module : MIL=off
00> [89931] #1856 OK  5B pri=6 Security Indicator Lamp<-Instrument Cluster Panel : SIL=off
00> [89950] #1857 OK  5B pri=3 Engine status<-HUD : 68 FF 62 03 35
00> [89961] 770 since the click [89191], L = 1, R = 1.
00> Waiting for a long press [6].
00> [89977] #1858 OK  5B pri=3 Engine status<-Instrument Cluster Panel : 68 FF 61 03 E1
00> [90017] #1859 OK  7B pri=1 RPMs<-Engine Control Module : RPM=0
00> [90071] 880 since the click [89191], L = 1, R = 1.
00> Waiting for a long press [7].
00> [90082] #1860 OK  7B pri=1 RPMs<-Engine Control Module : RPM=0
00> [90113] #1861 OK  5B pri=6 Malfunction Indicator Lamp<-Engine Control Module : MIL=off
00> [90126] #1862 OK  5B pri=7 Security Indicator Lamp<-Instrument Cluster Panel : SIL=off
00> [90147] #1863 OK  7B pri=1 RPMs<-Engine Control Module : RPM=0
00> [90181] 990 since the click [89191], L = 1, R = 1.
00> Waiting for a long press [8].
00> [90211] #1864 OK  7B pri=1 RPMs<-Engine Control Module : RPM=0
00> [90276] #1865 OK  7B pri=1 RPMs<-Engine Control Module : RPM=0
00> [90291] 1100 since the click [89191], L = 1, R = 1.
00> Check for a long press.
00> Short press.
00> [90320] Periodic SIL clear -> IPC
00> [90341] #1866 OK  7B pri=1 RPMs<-Engine Control Module : RPM=0
00> [90405] #1867 OK  7B pri=1 RPMs<-Engine Control Module : RPM=0
00> Blink ON
00> [90470] #1868 OK  7B pri=1 RPMs<-Engine Control Module : RPM=0
00> [90485] #1869 OK  6B pri=1 Engine status<-Engine Control Module : 28 FF 10 01 07 07
00> [90535] #1870 OK  7B pri=1 RPMs<-Engine Control Module : RPM=0
00> [90599] #1871 OK  7B pri=1 RPMs<-Engine Control Module : RPM=0
00> Blink OFF
00> [90664] #1872 OK  7B pri=1 RPMs<-Engine Control Module : RPM=0
00> [90729] #1873 OK  7B pri=1 RPMs<-Engine Control Module : RPM=0
00> [90794] #1874 OK  7B pri=1 RPMs<-Engine Control Module : RPM=0
00> [90858] #1875 OK  7B pri=1 RPMs<-Engine Control Module : RPM=0
00> [90905] #1876 OK  5B pri=3 Malfunction Indicator Lamp<-Engine Control Module : MIL=off
00> [90918] #1877 OK  5B pri=6 Security Indicator Lamp<-Instrument Cluster Panel : SIL=off
00> [90988] #1878 OK  7B pri=1 RPMs<-Engine Control Module : RPM=0
00> [91052] #1879 OK  7B pri=1 RPMs<-Engine Control Module : RPM=0
00> [91117] #1880 OK  7B pri=1 RPMs<-Engine Control Module : RPM=0
00> [91149] #1881 OK  5B pri=6 Malfunction Indicator Lamp<-Engine Control Module : MIL=off
00> [91159] #1882 OK  5B pri=7 Security Indicator Lamp<-Instrument Cluster Panel : SIL=off
00> [91182] #1883 OK  7B pri=1 RPMs<-Engine Control Module : RPM=0
00> [91246] #1884 OK  7B pri=1 RPMs<-Engine Control Module : RPM=0
00> [91311] #1885 OK  7B pri=1 RPMs<-Engine Control Module : RPM=0
00> [91376] #1886 OK  7B pri=1 RPMs<-Engine Control Module : RPM=0
00> [91440] #1887 OK  7B pri=1 RPMs<-Engine Control Module : RPM=0
00> [91505] #1888 OK  7B pri=1 RPMs<-Engine Control Module : RPM=0
00> [91536] #1889 OK  5B pri=3 Engine status<-Engine Control Module : 68 FF 10 03 86
00> Blink ON
00> [91570] #1890 OK  7B pri=1 RPMs<-Engine Control Module : RPM=0
00> [91634] #1891 OK  7B pri=1 RPMs<-Engine Control Module : RPM=0
00> [91699] #1892 OK  7B pri=1 RPMs<-Engine Control Module : RPM=0
00> Blink OFF
00> [91764] #1893 OK  7B pri=1 RPMs<-Engine Control Module : RPM=0
00> [91829] #1894 OK  7B pri=1 RPMs<-Engine Control Module : RPM=0
00> [91893] #1895 OK  7B pri=1 RPMs<-Engine Control Module : RPM=0
00> [91906] #1896 OK  5B pri=6 Security Indicator Lamp<-Instrument Cluster Panel : SIL=off
00> [91940] #1897 OK  5B pri=3 Engine status<-HUD : 68 FF 62 03 35
00> [91958] #1898 OK  7B pri=1 RPMs<-Engine Control Module : RPM=0
00> [91968] #1899 OK  5B pri=3 Engine status<-Instrument Cluster Panel : 68 FF 61 03 E1
00> [92022] #1900 OK  7B pri=1 RPMs<-Engine Control Module : RPM=0
00> [92087] #1901 OK  7B pri=1 RPMs<-Engine Control Module : RPM=0
00> [92152] #1902 OK  7B pri=1 RPMs<-Engine Control Module : RPM=0
00> [92184] #1903 OK  5B pri=6 Malfunction Indicator Lamp<-Engine Control Module : MIL=off
00> [92193] #1904 OK  5B pri=7 Security Indicator Lamp<-Instrument Cluster Panel : SIL=off
00> [92217] #1905 OK  7B pri=1 RPMs<-Engine Control Module : RPM=0
00> [92281] #1906 OK  7B pri=1 RPMs<-Engine Control Module : RPM=0
00> [92346] #1907 OK  7B pri=1 RPMs<-Engine Control Module : RPM=0
00> [92411] #1908 OK  7B pri=1 RPMs<-Engine Control Module : RPM=0
00> [92476] #1909 OK  7B pri=1 RPMs<-Engine Control Module : RPM=0
00> [92489] #1910 OK  6B pri=1 Engine status<-Engine Control Module : 28 FF 10 01 07 07
00> [92540] #1911 OK  7B pri=1 RPMs<-Engine Control Module : RPM=0
00> [92605] #1912 OK  7B pri=1 RPMs<-Engine Control Module : RPM=0
00> Blink ON
00> [92644] Right switch activated.
00> [92669] #1913 OK  7B pri=1 RPMs<-Engine Control Module : RPM=0
00> [92734] #1914 OK  7B pri=1 RPMs<-Engine Control Module : RPM=0
00> [92754] 110 since the click [92644], L = 1, R = 0.
00> RT was pressed for 110.
00> Right Side toggle
00> Right side off
00> [92799] #1915 OK  7B pri=1 RPMs<-Engine Control Module : RPM=0
00> [92864] #1916 OK  7B pri=1 RPMs<-Engine Control Module : RPM=0
00> [92864] 110 since the click [92754], L = 1, R = 1.
00> Waiting for a long press [0].
00> [92878] #1917 OK  5B pri=3 Malfunction Indicator Lamp<-Engine Control Module : MIL=off
00> [92885] #1918 OK  5B pri=6 Security Indicator Lamp<-Instrument Cluster Panel : SIL=off
00> [92928] #1919 OK  7B pri=1 RPMs<-Engine Control Module : RPM=0
00> [92974] 220 since the click [92754], L = 1, R = 1.
00> Waiting for a long press [1].
00> [92993] #1920 OK  7B pri=1 RPMs<-Engine Control Module : RPM=0
00> [93058] #1921 OK  7B pri=1 RPMs<-Engine Control Module : RPM=0
00> [93084] 330 since the click [92754], L = 1, R = 1.
00> Waiting for a long press [2].
00> [93122] #1922 OK  7B pri=1 RPMs<-Engine Control Module : RPM=0
00> [93187] #1923 OK  7B pri=1 RPMs<-Engine Control Module : RPM=0
00> [93194] 440 since the click [92754], L = 1, R = 1.
00> Waiting for a long press [3].
00> [93218] #1924 OK  5B pri=6 Malfunction Indicator Lamp<-Engine Control Module : MIL=off
00> [93227] #1925 OK  5B pri=7 Security Indicator Lamp<-Instrument Cluster Panel : SIL=off
00> [93252] #1926 OK  7B pri=1 RPMs<-Engine Control Module : RPM=0
00> [93304] 550 since the click [92754], L = 1, R = 1.
00> Waiting for a long press [4].
00> [93316] #1927 OK  7B pri=1 RPMs<-Engine Control Module : RPM=0
00> [93381] #1928 OK  7B pri=1 RPMs<-Engine Control Module : RPM=0
00> [93414] 660 since the click [92754], L = 1, R = 1.
00> Waiting for a long press [5].
00> [93446] #1929 OK  7B pri=1 RPMs<-Engine Control Module : RPM=0
00> [93510] #1930 OK  7B pri=1 RPMs<-Engine Control Module : RPM=0
00> [93524] 770 since the click [92754], L = 1, R = 1.
00> Waiting for a long press [6].
00> [93575] #1931 OK  7B pri=1 RPMs<-Engine Control Module : RPM=0
00> [93607] #1932 OK  5B pri=3 Engine status<-Engine Control Module : 68 FF 10 03 86
00> [93634] 880 since the click [92754], L = 1, R = 1.
00> Waiting for a long press [7].
00> [93640] #1933 OK  7B pri=1 RPMs<-Engine Control Module : RPM=0
00> [93705] #1934 OK  7B pri=1 RPMs<-Engine Control Module : RPM=0
00> [93744] 990 since the click [92754], L = 1, R = 1.
00> Waiting for a long press [8].
00> [93769] #1935 OK  7B pri=1 RPMs<-Engine Control Module : RPM=0
00> [93834] #1936 OK  7B pri=1 RPMs<-Engine Control Module : RPM=0
00> [93854] 1100 since the click [92754], L = 1, R = 1.
00> Check for a long press.
00> Short press.
00> [93865] #1937 OK  5B pri=3 Malfunction Indicator Lamp<-Engine Control Module : MIL=off
00> [93872] #1938 OK  5B pri=6 Security Indicator Lamp<-Instrument Cluster Panel : SIL=off
00> [93899] #1939 OK  7B pri=1 RPMs<-Engine Control Module : RPM=0
00> [93906] Right switch activated.
00> [93929] #1940 OK  5B pri=3 Engine status<-HUD : 68 FF 62 03 35
00> [93957] #1941 OK  5B pri=3 Engine status<-Instrument Cluster Panel : 68 FF 61 03 E1
00> [93963] #1942 OK  7B pri=1 RPMs<-Engine Control Module : RPM=0
00> [94016] 110 since the click [93906], L = 1, R = 0.
00> RT was pressed for 110.
00> Right Side toggle
00> Left side off
00> Blink OFF
00> [94028] #1943 OK  7B pri=1 RPMs<-Engine Control Module : RPM=0
00> [94093] #1944 OK  7B pri=1 RPMs<-Engine Control Module : RPM=0
00> [94126] 110 since the click [94016], L = 1, R = 1.
00> Waiting for a long press [0].
00> [94157] #1945 OK  7B pri=1 RPMs<-Engine Control Module : RPM=0
00> [94222] #1946 OK  7B pri=1 RPMs<-Engine Control Module : RPM=0
00> [94236] 220 since the click [94016], L = 1, R = 1.
00> Waiting for a long press [1].
00> [94253] #1947 OK  5B pri=6 Malfunction Indicator Lamp<-Engine Control Module : MIL=off
00> [94261] #1948 OK  5B pri=7 Security Indicator Lamp<-Instrument Cluster Panel : SIL=off
00> [94287] #1949 OK  7B pri=1 RPMs<-Engine Control Module : RPM=0
00> [94346] 330 since the click [94016], L = 1, R = 1.
00> Waiting for a long press [2].
00> [94352] #1950 OK  7B pri=1 RPMs<-Engine Control Module : RPM=0
00> [94416] #1951 OK  7B pri=1 RPMs<-Engine Control Module : RPM=0
00> [94456] 440 since the click [94016], L = 1, R = 1.
00> Waiting for a long press [3].
00> [94481] #1952 OK  7B pri=1 RPMs<-Engine Control Module : RPM=0
00> [94493] #1953 OK  6B pri=1 Engine status<-Engine Control Module : 28 FF 10 01 07 07
00> Blink ON
00> [94546] #1954 OK  7B pri=1 RPMs<-Engine Control Module : RPM=0
00> [94566] 550 since the click [94016], L = 1, R = 1.
00> Waiting for a long press [4].
00> [94610] #1955 OK  7B pri=1 RPMs<-Engine Control Module : RPM=0
00> [94675] #1956 OK  7B pri=1 RPMs<-Engine Control Module : RPM=0
00> [94676] 660 since the click [94016], L = 1, R = 1.
00> Waiting for a long press [5].
00> Blink OFF
00> [94740] #1957 OK  7B pri=1 RPMs<-Engine Control Module : RPM=0
00> [94786] 770 since the click [94016], L = 1, R = 1.
00> Waiting for a long press [6].
00> [94804] #1958 OK  7B pri=1 RPMs<-Engine Control Module : RPM=0
00> [94851] #1959 OK  5B pri=3 Malfunction Indicator Lamp<-Engine Control Module : MIL=off
00> [94859] #1960 OK  5B pri=6 Security Indicator Lamp<-Instrument Cluster Panel : SIL=off
00> [94869] #1961 OK  7B pri=1 RPMs<-Engine Control Module : RPM=0
00> [94896] 880 since the click [94016], L = 1, R = 1.
00> Waiting for a long press [7].
00> [94934] #1962 OK  7B pri=1 RPMs<-Engine Control Module : RPM=0
00> [94998] #1963 OK  7B pri=1 RPMs<-Engine Control Module : RPM=0
00> [95006] 990 since the click [94016], L = 1, R = 1.
00> Waiting for a long press [8].
00> [95063] #1964 OK  7B pri=1 RPMs<-Engine Control Module : RPM=0
00> [95116] 1100 since the click [94016], L = 1, R = 1.
00> Check for a long press.
00> Short press.
00> [95128] #1965 OK  7B pri=1 RPMs<-Engine Control Module : RPM=0
00> [95193] #1966 OK  7B pri=1 RPMs<-Engine Control Module : RPM=0
00> [95257] #1967 OK  7B pri=1 RPMs<-Engine Control Module : RPM=0
00> [95289] #1968 OK  5B pri=6 Malfunction Indicator Lamp<-Engine Control Module : MIL=off
00> [95302] #1969 OK  5B pri=7 Security Indicator Lamp<-Instrument Cluster Panel : SIL=off
00> [95322] #1970 OK  7B pri=1 RPMs<-Engine Control Module : RPM=0
00> [95386] #1971 OK  7B pri=1 RPMs<-Engine Control Module : RPM=0
00> [95448] Right switch activated.
00> [95451] #1972 OK  7B pri=1 RPMs<-Engine Control Module : RPM=0
00> [95516] #1973 OK  7B pri=1 RPMs<-Engine Control Module : RPM=0
00> [95558] 110 since the click [95448], L = 1, R = 0.
00> RT was pressed for 110.
00> Right Side toggle
00> Right side off
00> [95581] #1974 OK  7B pri=1 RPMs<-Engine Control Module : RPM=0
00> [95645] #1975 OK  7B pri=1 RPMs<-Engine Control Module : RPM=0
00> [95668] 109 since the click [95559], L = 1, R = 1.
00> Waiting for a long press [0].
00> [95676] #1976 OK  5B pri=3 Engine status<-Engine Control Module : 68 FF 10 03 86
00> [95710] #1977 OK  7B pri=1 RPMs<-Engine Control Module : RPM=0
00> [95775] #1978 OK  7B pri=1 RPMs<-Engine Control Module : RPM=0
00> [95778] 219 since the click [95559], L = 1, R = 1.
00> Waiting for a long press [1].
00> [95839] #1979 OK  7B pri=1 RPMs<-Engine Control Module : RPM=0
00> [95854] #1980 OK  5B pri=6 Security Indicator Lamp<-Instrument Cluster Panel : SIL=off
00> [95888] 329 since the click [95559], L = 1, R = 1.
00> Waiting for a long press [2].
00> [95904] #1981 OK  7B pri=1 RPMs<-Engine Control Module : RPM=0
00> [95919] #1982 OK  5B pri=3 Engine status<-HUD : 68 FF 62 03 35
00> [95947] #1983 OK  5B pri=3 Engine status<-Instrument Cluster Panel : 68 FF 61 03 E1
00> [95969] #1984 OK  7B pri=1 RPMs<-Engine Control Module : RPM=0
00> [95998] 439 since the click [95559], L = 1, R = 1.
00> Waiting for a long press [3].
00> [96034] #1985 OK  7B pri=1 RPMs<-Engine Control Module : RPM=0
00> [96098] #1986 OK  7B pri=1 RPMs<-Engine Control Module : RPM=0
00> [96108] 549 since the click [95559], L = 1, R = 1.
00> Waiting for a long press [4].
00> [96163] #1987 OK  7B pri=1 RPMs<-Engine Control Module : RPM=0
00> [96218] 659 since the click [95559], L = 1, R = 1.
00> Waiting for a long press [5].
00> [96228] #1988 OK  7B pri=1 RPMs<-Engine Control Module : RPM=0
00> [96292] #1989 OK  7B pri=1 RPMs<-Engine Control Module : RPM=0
00> [96324] #1990 OK  5B pri=6 Malfunction Indicator Lamp<-Engine Control Module : MIL=off
00> [96328] 769 since the click [95559], L = 1, R = 1.
00> Waiting for a long press [6].
00> [96336] #1991 OK  5B pri=7 Security Indicator Lamp<-Instrument Cluster Panel : SIL=off
00> [96357] #1992 OK  7B pri=1 RPMs<-Engine Control Module : RPM=0
00> [96422] #1993 OK  7B pri=1 RPMs<-Engine Control Module : RPM=0
00> [96438] 879 since the click [95559], L = 1, R = 1.
00> Waiting for a long press [7].
00> [96486] #1994 OK  7B pri=1 RPMs<-Engine Control Module : RPM=0
00> [96497] #1995 OK  6B pri=1 Engine status<-Engine Control Module : 28 FF 10 01 07 07
00> [96548] 989 since the click [95559], L = 1, R = 1.
00> Waiting for a long press [8].
00> [96551] #1996 OK  7B pri=1 RPMs<-Engine Control Module : RPM=0
00> [96616] #1997 OK  7B pri=1 RPMs<-Engine Control Module : RPM=0
00> [96658] 1099 since the click [95559], L = 1, R = 1.
00> Check for a long press.
00> Short press.
00> [96680] #1998 OK  7B pri=1 RPMs<-Engine Control Module : RPM=0
00> [96745] #1999 OK  7B pri=1 RPMs<-Engine Control Module : RPM=0
00> [96810] #2000 OK  7B pri=1 RPMs<-Engine Control Module : RPM=0
00> [96824] #2001 OK  5B pri=3 Malfunction Indicator Lamp<-Engine Control Module : MIL=off
00> [96833] #2002 OK  5B pri=6 Security Indicator Lamp<-Instrument Cluster Panel : SIL=off
00> [96874] #2003 OK  7B pri=1 RPMs<-Engine Control Module : RPM=0
00> [96914] Right switch activated.
00> [96939] #2004 OK  7B pri=1 RPMs<-Engine Control Module : RPM=0
00> [97004] #2005 OK  7B pri=1 RPMs<-Engine Control Module : RPM=0
00> [97024] 110 since the click [96914], L = 1, R = 0.
00> RT was pressed for 110.
00> Right Side toggle
00> Left side off
00> Blink ON
00> [97069] #2006 OK  7B pri=1 RPMs<-Engine Control Module : RPM=0
00> [97133] #2007 OK  7B pri=1 RPMs<-Engine Control Module : RPM=0
00> [97134] 110 since the click [97024], L = 1, R = 1.
00> Waiting for a long press [0].
00> [97198] #2008 OK  7B pri=1 RPMs<-Engine Control Module : RPM=0
00> [97244] 220 since the click [97024], L = 1, R = 1.
00> Waiting for a long press [1].
00> [97263] #2009 OK  7B pri=1 RPMs<-Engine Control Module : RPM=0
00> Blink OFF
00> [97327] #2010 OK  7B pri=1 RPMs<-Engine Control Module : RPM=0
00> [97354] 330 since the click [97024], L = 1, R = 1.
00> Waiting for a long press [2].
00> [97359] #2011 OK  5B pri=6 Malfunction Indicator Lamp<-Engine Control Module : MIL=off
00> [97370] #2012 OK  5B pri=7 Security Indicator Lamp<-Instrument Cluster Panel : SIL=off
00> [97392] #2013 OK  7B pri=1 RPMs<-Engine Control Module : RPM=0
00> [97457] #2014 OK  7B pri=1 RPMs<-Engine Control Module : RPM=0
00> [97464] 440 since the click [97024], L = 1, R = 1.
00> Waiting for a long press [3].
00> [97521] #2015 OK  7B pri=1 RPMs<-Engine Control Module : RPM=0
00> [97574] 550 since the click [97024], L = 1, R = 1.
00> Waiting for a long press [4].
00> [97586] #2016 OK  7B pri=1 RPMs<-Engine Control Module : RPM=0
00> [97651] #2017 OK  7B pri=1 RPMs<-Engine Control Module : RPM=0
00> [97684] 660 since the click [97024], L = 1, R = 1.
00> Waiting for a long press [5].
00> [97716] #2018 OK  7B pri=1 RPMs<-Engine Control Module : RPM=0
00> [97746] #2019 OK  5B pri=3 Engine status<-Engine Control Module : 68 FF 10 03 86
00> [97780] #2020 OK  7B pri=1 RPMs<-Engine Control Module : RPM=0
00> [97794] 770 since the click [97024], L = 1, R = 1.
00> Waiting for a long press [6].
00> [97812] #2021 OK  5B pri=3 Malfunction Indicator Lamp<-Engine Control Module : MIL=off
00> [97821] #2022 OK  5B pri=6 Security Indicator Lamp<-Instrument Cluster Panel : SIL=off
00> [97845] #2023 OK  7B pri=1 RPMs<-Engine Control Module : RPM=0
00> [97904] 880 since the click [97024], L = 1, R = 1.
00> Waiting for a long press [7].
00> [97910] #2024 OK  7B pri=1 RPMs<-Engine Control Module : RPM=0
00> [97937] #2025 OK  5B pri=3 Engine status<-Instrument Cluster Panel : 68 FF 61 03 E1
00> [97974] #2026 OK  7B pri=1 RPMs<-Engine Control Module : RPM=0
00> [98014] 990 since the click [97024], L = 1, R = 1.
00> Waiting for a long press [8].
00> [98039] #2027 OK  7B pri=1 RPMs<-Engine Control Module : RPM=0
00> [98104] #2028 OK  7B pri=1 RPMs<-Engine Control Module : RPM=0
00> [98124] 1100 since the click [97024], L = 1, R = 1.
00> Check for a long press.
00> Short press.
00> Blink ON
00> [98168] #2029 OK  7B pri=1 RPMs<-Engine Control Module : RPM=0
00> [98233] #2030 OK  7B pri=1 RPMs<-Engine Control Module : RPM=0
00> [98298] #2031 OK  7B pri=1 RPMs<-Engine Control Module : RPM=0
00> Blink OFF
00> [98362] #2032 OK  7B pri=1 RPMs<-Engine Control Module : RPM=0
00> [98394] #2033 OK  5B pri=6 Malfunction Indicator Lamp<-Engine Control Module : MIL=off
00> [98404] #2034 OK  5B pri=7 Security Indicator Lamp<-Instrument Cluster Panel : SIL=off
00> [98427] #2035 OK  7B pri=1 RPMs<-Engine Control Module : RPM=0
00> [98502] #2037 OK  7B pri=1 RPMs<-Engine Control Module : RPM=0
00> [98557] #2038 OK  7B pri=1 RPMs<-Engine Control Module : RPM=0
00> [98621] #2039 OK  7B pri=1 RPMs<-Engine Control Module : RPM=0
00> [98751] #2040 OK  7B pri=1 RPMs<-Engine Control Module : RPM=0
00> [98799] #2041 OK  5B pri=3 Malfunction Indicator Lamp<-Engine Control Module : MIL=off
00> [98808] #2042 OK  5B pri=6 Security Indicator Lamp<-Instrument Cluster Panel : SIL=off
00> [98816] #2043 OK  7B pri=1 RPMs<-Engine Control Module : RPM=0
00> [98880] #2044 OK  7B pri=1 RPMs<-Engine Control Module : RPM=0
00> [98945] #2045 OK  7B pri=1 RPMs<-Engine Control Module : RPM=0
00> [99009] #2046 OK  7B pri=1 RPMs<-Engine Control Module : RPM=0
00> [99074] #2047 OK  7B pri=1 RPMs<-Engine Control Module : RPM=0
00> [99139] #2048 OK  7B pri=1 RPMs<-Engine Control Module : RPM=0
00> [99150] Right switch activated.
00> [99204] #2049 OK  7B pri=1 RPMs<-Engine Control Module : RPM=0
00> Blink ON
00> [99260] 110 since the click [99150], L = 1, R = 0.
00> RT was pressed for 110.
00> Right Side toggle
00> Right side off
00> [99268] #2050 OK  7B pri=1 RPMs<-Engine Control Module : RPM=0
00> [99333] #2051 OK  7B pri=1 RPMs<-Engine Control Module : RPM=0
00> [99370] 110 since the click [99260], L = 1, R = 1.
00> Waiting for a long press [0].
00> [99398] #2052 OK  7B pri=1 RPMs<-Engine Control Module : RPM=0
00> [99429] #2053 OK  5B pri=6 Malfunction Indicator Lamp<-Engine Control Module : MIL=off
00> [99438] #2054 OK  5B pri=7 Security Indicator Lamp<-Instrument Cluster Panel : SIL=off
00> [99462] #2055 OK  7B pri=1 RPMs<-Engine Control Module : RPM=0
00> [99480] 220 since the click [99260], L = 1, R = 1.
00> Waiting for a long press [1].
00> [99527] #2056 OK  7B pri=1 RPMs<-Engine Control Module : RPM=0
00> [99590] 330 since the click [99260], L = 1, R = 1.
00> Waiting for a long press [2].
00> [99592] #2057 OK  7B pri=1 RPMs<-Engine Control Module : RPM=0
00> [99657] #2058 OK  7B pri=1 RPMs<-Engine Control Module : RPM=0
00> [99700] 440 since the click [99260], L = 1, R = 1.
00> Waiting for a long press [3].
00> [99721] #2059 OK  7B pri=1 RPMs<-Engine Control Module : RPM=0
00> [99786] #2060 OK  7B pri=1 RPMs<-Engine Control Module : RPM=0
00> [99803] #2061 OK  5B pri=6 Security Indicator Lamp<-Instrument Cluster Panel : SIL=off
00> [99810] 550 since the click [99260], L = 1, R = 1.
00> Waiting for a long press [4].
00> [99817] #2062 OK  5B pri=3 Engine status<-Engine Control Module : 68 FF 10 03 86
00> [99850] #2063 OK  7B pri=1 RPMs<-Engine Control Module : RPM=0
00> [99899] #2064 OK  5B pri=3 Engine status<-HUD : 68 FF 62 03 35
00> [99915] #2065 OK  7B pri=1 RPMs<-Engine Control Module : RPM=0
00> [99920] 660 since the click [99260], L = 1, R = 1.
00> Waiting for a long press [5].
00> [99927] #2066 OK  5B pri=3 Engine status<-Instrument Cluster Panel : 68 FF 61 03 E1
00> [99980] #2067 OK  7B pri=1 RPMs<-Engine Control Module : RPM=0
00> [100030] 770 since the click [99260], L = 1, R = 1.
00> Waiting for a long press [6].
00> [100045] #2068 OK  7B pri=1 RPMs<-Engine Control Module : RPM=0
00> [100109] #2069 OK  7B pri=1 RPMs<-Engine Control Module : RPM=0
00> [100140] 880 since the click [99260], L = 1, R = 1.
00> Waiting for a long press [7].
00> [100174] #2070 OK  7B pri=1 RPMs<-Engine Control Module : RPM=0
00> [100239] #2071 OK  7B pri=1 RPMs<-Engine Control Module : RPM=0
00> [100250] 990 since the click [99260], L = 1, R = 1.
00> Waiting for a long press [8].
00> [100304] #2072 OK  7B pri=1 RPMs<-Engine Control Module : RPM=0
00> [100324] Periodic SIL clear -> IPC
00> [100360] 1100 since the click [99260], L = 1, R = 1.
00> Check for a long press.
00> Short press.
00> [100368] #2073 OK  7B pri=1 RPMs<-Engine Control Module : RPM=0
00> [100433] #2074 OK  7B pri=1 RPMs<-Engine Control Module : RPM=0
00> [100465] #2075 OK  5B pri=6 Malfunction Indicator Lamp<-Engine Control Module : MIL=off
00> [100471] #2076 OK  5B pri=7 Security Indicator Lamp<-Instrument Cluster Panel : SIL=off
00> [100562] #2078 OK  7B pri=1 RPMs<-Engine Control Module : RPM=0
00> [100627] #2079 OK  7B pri=1 RPMs<-Engine Control Module : RPM=0
00> [100692] #2080 OK  7B pri=1 RPMs<-Engine Control Module : RPM=0
00> [100736] Left switch activated.
00> [100756] #2081 OK  7B pri=1 RPMs<-Engine Control Module : RPM=0
00> [100771] #2082 OK  5B pri=3 Malfunction Indicator Lamp<-Engine Control Module : MIL=off
00> [100782] #2083 OK  5B pri=6 Security Indicator Lamp<-Instrument Cluster Panel : SIL=off
00> [100821] #2084 OK  7B pri=1 RPMs<-Engine Control Module : RPM=0
00> [100845] 109 since the click [100736], L = 0, R = 1.
00> LT was pressed for 109.
00> Left Side toggle
00> Right side off
00> Blink OFF
00> [100886] #2085 OK  7B pri=1 RPMs<-Engine Control Module : RPM=0
00> [100950] #2086 OK  7B pri=1 RPMs<-Engine Control Module : RPM=0
00> [100956] 110 since the click [100846], L = 1, R = 1.
00> Waiting for a long press [0].
00> [101015] #2087 OK  7B pri=1 RPMs<-Engine Control Module : RPM=0
00> [101066] 220 since the click [100846], L = 1, R = 1.
00> Waiting for a long press [1].
00> [101080] #2088 OK  7B pri=1 RPMs<-Engine Control Module : RPM=0
00> [101144] #2089 OK  7B pri=1 RPMs<-Engine Control Module : RPM=0
00> [101176] 330 since the click [100846], L = 1, R = 1.
00> Waiting for a long press [2].
00> [101209] #2090 OK  7B pri=1 RPMs<-Engine Control Module : RPM=0
00> [101274] #2091 OK  7B pri=1 RPMs<-Engine Control Module : RPM=0
00> [101286] 440 since the click [100846], L = 1, R = 1.
00> Waiting for a long press [3].
00> Blink ON
00> [101339] #2092 OK  7B pri=1 RPMs<-Engine Control Module : RPM=0
00> [101396] 550 since the click [100846], L = 1, R = 1.
00> Waiting for a long press [4].
00> [101403] #2093 OK  7B pri=1 RPMs<-Engine Control Module : RPM=0
00> [101468] #2094 OK  7B pri=1 RPMs<-Engine Control Module : RPM=0
00> [101499] #2095 OK  5B pri=6 Malfunction Indicator Lamp<-Engine Control Module : MIL=off
00> [101505] #2096 OK  5B pri=7 Security Indicator Lamp<-Instrument Cluster Panel : SIL=off
00> [101506] 660 since the click [100846], L = 1, R = 1.
00> Waiting for a long press [5].
00> [101533] #2097 OK  7B pri=1 RPMs<-Engine Control Module : RPM=0
00> Blink OFF
00> [101597] #2098 OK  7B pri=1 RPMs<-Engine Control Module : RPM=0
00> [101616] 770 since the click [100846], L = 1, R = 1.
00> Waiting for a long press [6].
00> [101662] #2099 OK  7B pri=1 RPMs<-Engine Control Module : RPM=0
00> [101726] 880 since the click [100846], L = 1, R = 1.
00> Waiting for a long press [7].
00> [101727] #2100 OK  7B pri=1 RPMs<-Engine Control Module : RPM=0
00> [101758] #2101 OK  5B pri=3 Malfunction Indicator Lamp<-Engine Control Module : MIL=off
00> [101770] #2102 OK  5B pri=6 Security Indicator Lamp<-Instrument Cluster Panel : SIL=off
00> [101792] #2103 OK  7B pri=1 RPMs<-Engine Control Module : RPM=0
00> [101836] 990 since the click [100846], L = 1, R = 1.
00> Waiting for a long press [8].
00> [101856] #2104 OK  7B pri=1 RPMs<-Engine Control Module : RPM=0
00> [101888] #2105 OK  5B pri=3 Engine status<-Engine Control Module : 68 FF 10 03 86
00> [101893] Left switch activated.
00> [101917] #2106 OK  5B pri=3 Engine status<-Instrument Cluster Panel : 68 FF 61 03 E1
00> [101985] #2107 OK  7B pri=1 RPMs<-Engine Control Module : RPM=0
00> [102003] 110 since the click [101893], L = 0, R = 1.
00> Check for a long press.
00> Long press detected after 110ms.
00> [102050] #2108 OK  7B pri=1 RPMs<-Engine Control Module : RPM=0
00> [102115] #2109 OK  7B pri=1 RPMs<-Engine Control Module : RPM=0
00> [102180] #2110 OK  7B pri=1 RPMs<-Engine Control Module : RPM=0
00> [102244] #2111 OK  7B pri=1 RPMs<-Engine Control Module : RPM=0
00> [102309] #2112 OK  7B pri=1 RPMs<-Engine Control Module : RPM=0
00> [102374] #2113 OK  7B pri=1 RPMs<-Engine Control Module : RPM=0
00> Blink ON
00> [102438] #2114 OK  7B pri=1 RPMs<-Engine Control Module : RPM=0
00> [102535] #2116 OK  5B pri=6 Malfunction Indicator Lamp<-Engine Control Module : MIL=off
00> [102547] #2117 OK  5B pri=7 Security Indicator Lamp<-Instrument Cluster Panel : SIL=off
00> [102568] #2118 OK  7B pri=1 RPMs<-Engine Control Module : RPM=0
00> Blink OFF
00> [102632] #2119 OK  7B pri=1 RPMs<-Engine Control Module : RPM=0
00> [102697] #2120 OK  7B pri=1 RPMs<-Engine Control Module : RPM=0
00> [102744] #2121 OK  5B pri=3 Malfunction Indicator Lamp<-Engine Control Module : MIL=off
00> [102757] #2122 OK  5B pri=6 Security Indicator Lamp<-Instrument Cluster Panel : SIL=off
00> [102826] #2123 OK  7B pri=1 RPMs<-Engine Control Module : RPM=0
00> [102891] #2124 OK  7B pri=1 RPMs<-Engine Control Module : RPM=0
00> [102956] #2125 OK  7B pri=1 RPMs<-Engine Control Module : RPM=0
00> [103021] #2126 OK  7B pri=1 RPMs<-Engine Control Module : RPM=0
00> [103085] #2127 OK  7B pri=1 RPMs<-Engine Control Module : RPM=0
00> [103150] #2128 OK  7B pri=1 RPMs<-Engine Control Module : RPM=0
00> [103215] #2129 OK  7B pri=1 RPMs<-Engine Control Module : RPM=0
00> [103279] #2130 OK  7B pri=1 RPMs<-Engine Control Module : RPM=0
00> [103344] #2131 OK  7B pri=1 RPMs<-Engine Control Module : RPM=0
00> [103409] #2132 OK  7B pri=1 RPMs<-Engine Control Module : RPM=0
00> [103473] #2133 OK  7B pri=1 RPMs<-Engine Control Module : RPM=0
00> Blink ON
00> [103538] #2134 OK  7B pri=1 RPMs<-Engine Control Module : RPM=0
00> [103570] #2135 OK  5B pri=6 Malfunction Indicator Lamp<-Engine Control Module : MIL=off
00> [103581] #2136 OK  5B pri=7 Security Indicator Lamp<-Instrument Cluster Panel : SIL=off
00> [103603] #2137 OK  7B pri=1 RPMs<-Engine Control Module : RPM=0
00> [103668] #2138 OK  7B pri=1 RPMs<-Engine Control Module : RPM=0
00> Blink OFF
00> [103732] #2139 OK  7B pri=1 RPMs<-Engine Control Module : RPM=0
00> [103745] #2140 OK  5B pri=6 Security Indicator Lamp<-Instrument Cluster Panel : SIL=off
00> [103797] #2141 OK  7B pri=1 RPMs<-Engine Control Module : RPM=0
00> [103862] #2142 OK  7B pri=1 RPMs<-Engine Control Module : RPM=0
00> [103879] #2143 OK  5B pri=3 Engine status<-HUD : 68 FF 62 03 35
00> [103906] #2144 OK  5B pri=3 Engine status<-Instrument Cluster Panel : 68 FF 61 03 E1
00> [103926] #2145 OK  7B pri=1 RPMs<-Engine Control Module : RPM=0
00> [103957] #2146 OK  5B pri=3 Engine status<-Engine Control Module : 68 FF 10 03 86
00> [103991] #2147 OK  7B pri=1 RPMs<-Engine Control Module : RPM=0
00> [104056] #2148 OK  7B pri=1 RPMs<-Engine Control Module : RPM=0
00> [104120] #2149 OK  7B pri=1 RPMs<-Engine Control Module : RPM=0
00> [104185] #2150 OK  7B pri=1 RPMs<-Engine Control Module : RPM=0
00> [104250] #2151 OK  7B pri=1 RPMs<-Engine Control Module : RPM=0
00> [104273] Left switch activated.
00> [104315] #2152 OK  7B pri=1 RPMs<-Engine Control Module : RPM=0
00> [104379] #2153 OK  7B pri=1 RPMs<-Engine Control Module : RPM=0
00> [104382] 109 since the click [104273], L = 0, R = 1.
00> LT was pressed for 109.
00> Left Side toggle
00> Left side off
00> [104444] #2154 OK  7B pri=1 RPMs<-Engine Control Module : RPM=0
00> [104493] 110 since the click [104383], L = 0, R = 1.
00> Waiting for a long press [0].
00> [104573] #2156 OK  7B pri=1 RPMs<-Engine Control Module : RPM=0
00> [104603] 220 since the click [104383], L = 1, R = 1.
00> Waiting for a long press [1].
00> [104605] #2157 OK  5B pri=6 Malfunction Indicator Lamp<-Engine Control Module : MIL=off
00> [104615] #2158 OK  5B pri=7 Security Indicator Lamp<-Instrument Cluster Panel : SIL=off
00> [104638] #2159 OK  7B pri=1 RPMs<-Engine Control Module : RPM=0
00> [104703] #2160 OK  7B pri=1 RPMs<-Engine Control Module : RPM=0
00> [104713] 330 since the click [104383], L = 1, R = 1.
00> Waiting for a long press [2].
00> [104717] #2161 OK  5B pri=3 Malfunction Indicator Lamp<-Engine Control Module : MIL=off
00> [104724] #2162 OK  5B pri=6 Security Indicator Lamp<-Instrument Cluster Panel : SIL=off
00> [104767] #2163 OK  7B pri=1 RPMs<-Engine Control Module : RPM=0
00> [104823] 440 since the click [104383], L = 1, R = 1.
00> Waiting for a long press [3].
00> [104832] #2164 OK  7B pri=1 RPMs<-Engine Control Module : RPM=0
00> [104897] #2165 OK  7B pri=1 RPMs<-Engine Control Module : RPM=0
00> [104933] 550 since the click [104383], L = 1, R = 1.
00> Waiting for a long press [4].
00> [104961] #2166 OK  7B pri=1 RPMs<-Engine Control Module : RPM=0
00> [105026] #2167 OK  7B pri=1 RPMs<-Engine Control Module : RPM=0
00> [105043] 660 since the click [104383], L = 1, R = 1.
00> Waiting for a long press [5].
00> [105091] #2168 OK  7B pri=1 RPMs<-Engine Control Module : RPM=0
00> [105153] 770 since the click [104383], L = 1, R = 1.
00> Waiting for a long press [6].
00> [105156] #2169 OK  7B pri=1 RPMs<-Engine Control Module : RPM=0
00> [105220] #2170 OK  7B pri=1 RPMs<-Engine Control Module : RPM=0
00> [105263] 880 since the click [104383], L = 1, R = 1.
00> Waiting for a long press [7].
00> [105285] #2171 OK  7B pri=1 RPMs<-Engine Control Module : RPM=0
00> [105349] #2172 OK  7B pri=1 RPMs<-Engine Control Module : RPM=0
00> [105373] 990 since the click [104383], L = 1, R = 1.
00> Waiting for a long press [8].
00> [105414] #2173 OK  7B pri=1 RPMs<-Engine Control Module : RPM=0
00> [105479] #2174 OK  7B pri=1 RPMs<-Engine Control Module : RPM=0
00> [105483] 1100 since the click [104383], L = 1, R = 1.
00> Check for a long press.
00> Short press.
00> [105486] Left switch activated.
00> [105544] #2175 OK  7B pri=1 RPMs<-Engine Control Module : RPM=0
00> [105596] 110 since the click [105486], L = 0, R = 1.
00> LT was pressed for 110.
00> Left Side toggle
00> Right side off
00> [105608] #2176 OK  7B pri=1 RPMs<-Engine Control Module : RPM=0
00> [105640] #2177 OK  5B pri=6 Malfunction Indicator Lamp<-Engine Control Module : MIL=off
00> [105648] #2178 OK  5B pri=7 Security Indicator Lamp<-Instrument Cluster Panel : SIL=off
00> [105673] #2179 OK  7B pri=1 RPMs<-Engine Control Module : RPM=0
00> [105705] #2180 OK  5B pri=3 Malfunction Indicator Lamp<-Engine Control Module : MIL=off
00> [105706] 110 since the click [105596], L = 0, R = 1.
00> Waiting for a long press [0].
00> [105711] #2181 OK  5B pri=6 Security Indicator Lamp<-Instrument Cluster Panel : SIL=off
00> [105738] #2182 OK  7B pri=1 RPMs<-Engine Control Module : RPM=0
00> [105803] #2183 OK  7B pri=1 RPMs<-Engine Control Module : RPM=0
00> Blink ON
00> [105816] 220 since the click [105596], L = 0, R = 1.
00> Waiting for a long press [1].
00> [105867] #2184 OK  7B pri=1 RPMs<-Engine Control Module : RPM=0
00> [105896] #2185 OK  5B pri=3 Engine status<-Instrument Cluster Panel : 68 FF 61 03 E1
00> [105926] 330 since the click [105596], L = 1, R = 1.
00> Waiting for a long press [2].
00> [105932] #2186 OK  7B pri=1 RPMs<-Engine Control Module : RPM=0
00> [105997] #2187 OK  7B pri=1 RPMs<-Engine Control Module : RPM=0
00> Blink OFF
00> [106028] #2188 OK  5B pri=3 Engine status<-Engine Control Module : 68 FF 10 03 86
00> [106036] 440 since the click [105596], L = 1, R = 1.
00> Waiting for a long press [3].
00> [106061] #2189 OK  7B pri=1 RPMs<-Engine Control Module : RPM=0
00> [106126] #2190 OK  7B pri=1 RPMs<-Engine Control Module : RPM=0
00> [106146] 550 since the click [105596], L = 1, R = 1.
00> Waiting for a long press [4].
00> [106191] #2191 OK  7B pri=1 RPMs<-Engine Control Module : RPM=0
00> [106256] #2192 OK  7B pri=1 RPMs<-Engine Control Module : RPM=0
00> [106256] 660 since the click [105596], L = 1, R = 1.
00> Waiting for a long press [5].
00> [106320] #2193 OK  7B pri=1 RPMs<-Engine Control Module : RPM=0
00> [106366] 770 since the click [105596], L = 1, R = 1.
00> Waiting for a long press [6].
00> [106385] #2194 OK  7B pri=1 RPMs<-Engine Control Module : RPM=0
00> [106449] #2195 OK  7B pri=1 RPMs<-Engine Control Module : RPM=0
00> [106476] 880 since the click [105596], L = 1, R = 1.
00> Waiting for a long press [7].
00> [106523] #2196 OK  6B pri=1 Engine status<-Engine Control Module : 28 FF 10 01 07 07
00> [106579] #2197 OK  7B pri=1 RPMs<-Engine Control Module : RPM=0
00> [106586] 990 since the click [105596], L = 1, R = 1.
00> Waiting for a long press [8].
00> [106644] #2198 OK  7B pri=1 RPMs<-Engine Control Module : RPM=0
00> [106675] #2199 OK  5B pri=6 Malfunction Indicator Lamp<-Engine Control Module : MIL=off
00> [106682] #2200 OK  5B pri=7 Security Indicator Lamp<-Instrument Cluster Panel : SIL=off
00> [106691] #2201 OK  5B pri=3 Malfunction Indicator Lamp<-Engine Control Module : MIL=off
00> [106696] 1100 since the click [105596], L = 1, R = 1.
00> Check for a long press.
00> Short press.
00> [106698] #2202 OK  5B pri=6 Security Indicator Lamp<-Instrument Cluster Panel : SIL=off
00> [106708] #2203 OK  7B pri=1 RPMs<-Engine Control Module : RPM=0
00> [106773] #2204 OK  7B pri=1 RPMs<-Engine Control Module : RPM=0
00> [106838] #2205 OK  7B pri=1 RPMs<-Engine Control Module : RPM=0
00> [106902] #2206 OK  7B pri=1 RPMs<-Engine Control Module : RPM=0
00> Blink ON
00> [106967] #2207 OK  7B pri=1 RPMs<-Engine Control Module : RPM=0
00> [107032] #2208 OK  7B pri=1 RPMs<-Engine Control Module : RPM=0
00> [107097] #2209 OK  7B pri=1 RPMs<-Engine Control Module : RPM=0
00> Blink OFF
00> [107161] #2210 OK  7B pri=1 RPMs<-Engine Control Module : RPM=0
00> [107226] #2211 OK  7B pri=1 RPMs<-Engine Control Module : RPM=0
00> [107291] #2212 OK  7B pri=1 RPMs<-Engine Control Module : RPM=0
00> [107355] #2213 OK  7B pri=1 RPMs<-Engine Control Module : RPM=0
00> [107420] #2214 OK  7B pri=1 RPMs<-Engine Control Module : RPM=0
00> [107448] Left switch activated.
00> [107485] #2215 OK  7B pri=1 RPMs<-Engine Control Module : RPM=0
00> [107550] #2216 OK  7B pri=1 RPMs<-Engine Control Module : RPM=0
00> [107558] 110 since the click [107448], L = 0, R = 1.
00> LT was pressed for 110.
00> Left Side toggle
00> Left side off
00> [107614] #2217 OK  7B pri=1 RPMs<-Engine Control Module : RPM=0
00> [107668] 110 since the click [107558], L = 1, R = 1.
00> Waiting for a long press [0].
00> [107679] #2218 OK  7B pri=1 RPMs<-Engine Control Module : RPM=0
00> [107693] #2219 OK  5B pri=6 Security Indicator Lamp<-Instrument Cluster Panel : SIL=off
00> [107710] #2220 OK  5B pri=6 Malfunction Indicator Lamp<-Engine Control Module : MIL=off
00> [107716] #2221 OK  5B pri=7 Security Indicator Lamp<-Instrument Cluster Panel : SIL=off
00> [107743] #2222 OK  7B pri=1 RPMs<-Engine Control Module : RPM=0
00> [107778] 220 since the click [107558], L = 1, R = 1.
00> Waiting for a long press [1].
00> [107808] #2223 OK  7B pri=1 RPMs<-Engine Control Module : RPM=0
00> [107859] #2224 OK  5B pri=3 Engine status<-HUD : 68 FF 62 03 35
00> [107873] #2225 OK  7B pri=1 RPMs<-Engine Control Module : RPM=0
00> [107887] #2226 OK  5B pri=3 Engine status<-Instrument Cluster Panel : 68 FF 61 03 E1
00> [107888] 330 since the click [107558], L = 1, R = 1.
00> Waiting for a long press [2].
00> [107937] #2227 OK  7B pri=1 RPMs<-Engine Control Module : RPM=0
00> [107998] 440 since the click [107558], L = 1, R = 1.
00> Waiting for a long press [3].
00> [108002] #2228 OK  7B pri=1 RPMs<-Engine Control Module : RPM=0
00> [108067] #2229 OK  7B pri=1 RPMs<-Engine Control Module : RPM=0
00> [108099] #2230 OK  5B pri=3 Engine status<-Engine Control Module : 68 FF 10 03 86
00> [108108] 550 since the click [107558], L = 1, R = 1.
00> Waiting for a long press [4].
00> [108132] #2231 OK  7B pri=1 RPMs<-Engine Control Module : RPM=0
00> [108196] #2232 OK  7B pri=1 RPMs<-Engine Control Module : RPM=0
00> [108217] Left switch activated.
00> [108261] #2233 OK  7B pri=1 RPMs<-Engine Control Module : RPM=0
00> [108326] #2234 OK  7B pri=1 RPMs<-Engine Control Module : RPM=0
00> [108327] 110 since the click [108217], L = 0, R = 1.
00> Waiting for a long press [5].
00> [108390] #2235 OK  7B pri=1 RPMs<-Engine Control Module : RPM=0
00> [108437] 220 since the click [108217], L = 1, R = 1.
00> Waiting for a long press [6].
00> [108455] #2236 OK  7B pri=1 RPMs<-Engine Control Module : RPM=0
00> [108527] #2237 OK  6B pri=1 Engine status<-Engine Control Module : 28 FF 10 01 07 07
00> [108547] 330 since the click [108217], L = 1, R = 1.
00> Waiting for a long press [7].
00> [108584] #2238 OK  7B pri=1 RPMs<-Engine Control Module : RPM=0
00> [108649] #2239 OK  7B pri=1 RPMs<-Engine Control Module : RPM=0
00> [108657] 440 since the click [108217], L = 1, R = 1.
00> Waiting for a long press [8].
00> [108664] #2240 OK  5B pri=3 Malfunction Indicator Lamp<-Engine Control Module : MIL=off
00> [108672] #2241 OK  5B pri=6 Security Indicator Lamp<-Instrument Cluster Panel : SIL=off
00> [108714] #2242 OK  7B pri=1 RPMs<-Engine Control Module : RPM=0
00> [108746] #2243 OK  5B pri=6 Malfunction Indicator Lamp<-Engine Control Module : MIL=off
00> [108758] #2244 OK  5B pri=7 Security Indicator Lamp<-Instrument Cluster Panel : SIL=off
00> [108767] 550 since the click [108217], L = 1, R = 1.
00> Check for a long press.
00> Short press.
00> [108779] #2245 OK  7B pri=1 RPMs<-Engine Control Module : RPM=0
00> [108843] #2246 OK  7B pri=1 RPMs<-Engine Control Module : RPM=0
00> [108908] #2247 OK  7B pri=1 RPMs<-Engine Control Module : RPM=0
00> [108972] #2248 OK  7B pri=1 RPMs<-Engine Control Module : RPM=0
00> [109037] #2249 OK  7B pri=1 RPMs<-Engine Control Module : RPM=0
00> [109102] #2250 OK  7B pri=1 RPMs<-Engine Control Module : RPM=0
00> [109167] #2251 OK  7B pri=1 RPMs<-Engine Control Module : RPM=0
00> [109231] #2252 OK  7B pri=1 RPMs<-Engine Control Module : RPM=0
00> [109296] #2253 OK  7B pri=1 RPMs<-Engine Control Module : RPM=0
00> [109361] #2254 OK  7B pri=1 RPMs<-Engine Control Module : RPM=0
00> [109426] #2255 OK  7B pri=1 RPMs<-Engine Control Module : RPM=0
00> [109490] #2256 OK  7B pri=1 RPMs<-Engine Control Module : RPM=0
00> [109513] #2257 OK  8B pri=3 Scanner<-Engine Control Module : DTC reply src=0x10
00> [109555] #2258 OK  7B pri=1 RPMs<-Engine Control Module : RPM=0
00> [109620] #2259 OK  7B pri=1 RPMs<-Engine Control Module : RPM=0
00> [109651] #2260 OK  5B pri=3 Malfunction Indicator Lamp<-Engine Control Module : MIL=off
00> [109659] #2261 OK  5B pri=6 Security Indicator Lamp<-Instrument Cluster Panel : SIL=off
00> [109684] #2262 OK  7B pri=1 RPMs<-Engine Control Module : RPM=0
00> [109749] #2263 OK  7B pri=1 RPMs<-Engine Control Module : RPM=0
00> [109780] #2264 OK  5B pri=6 Malfunction Indicator Lamp<-Engine Control Module : MIL=off
00> [109792] #2265 OK  5B pri=7 Security Indicator Lamp<-Instrument Cluster Panel : SIL=off
00> [109814] #2266 OK  7B pri=1 RPMs<-Engine Control Module : RPM=0
00> [109849] #2267 OK  5B pri=3 Engine status<-HUD : 68 FF 62 03 35
00> [109876] #2268 OK  5B pri=3 Engine status<-Instrument Cluster Panel : 68 FF 61 03 E1
00> [109922] Left switch activated.
00> [109943] #2269 OK  7B pri=1 RPMs<-Engine Control Module : RPM=0
00> [110008] #2270 OK  7B pri=1 RPMs<-Engine Control Module : RPM=0
00> [110032] 110 since the click [109922], L = 0, R = 1.
00> LT was pressed for 110.
00> Left Side toggle
00> Right side off
00> [110072] #2271 OK  7B pri=1 RPMs<-Engine Control Module : RPM=0
00> [110137] #2272 OK  7B pri=1 RPMs<-Engine Control Module : RPM=0
00> [110142] 110 since the click [110032], L = 1, R = 1.
00> Waiting for a long press [0].
00> [110168] #2273 OK  5B pri=3 Engine status<-Engine Control Module : 68 FF 10 03 86
00> [110202] #2274 OK  7B pri=1 RPMs<-Engine Control Module : RPM=0
00> [110252] 220 since the click [110032], L = 1, R = 1.
00> Waiting for a long press [1].
00> [110266] #2275 OK  7B pri=1 RPMs<-Engine Control Module : RPM=0
00> [110328] Periodic SIL clear -> IPC
00> [110362] 330 since the click [110032], L = 1, R = 1.
00> Waiting for a long press [2].
00> [110396] #2277 OK  7B pri=1 RPMs<-Engine Control Module : RPM=0
00> [110461] #2278 OK  7B pri=1 RPMs<-Engine Control Module : RPM=0
00> Blink ON
00> [110472] 440 since the click [110032], L = 1, R = 1.
00> Waiting for a long press [3].
00> [110531] #2279 OK  6B pri=1 Engine status<-Engine Control Module : 28 FF 10 01 07 07
00> [110582] 550 since the click [110032], L = 1, R = 1.
00> Waiting for a long press [4].
00> [110590] #2280 OK  7B pri=1 RPMs<-Engine Control Module : RPM=0
00> [110637] #2281 OK  5B pri=3 Malfunction Indicator Lamp<-Engine Control Module : MIL=off
00> [110647] #2282 OK  5B pri=6 Security Indicator Lamp<-Instrument Cluster Panel : SIL=off
00> [110655] #2283 OK  7B pri=1 RPMs<-Engine Control Module : RPM=0
00> Blink OFF
00> [110683] Left switch activated.
00> [110719] #2284 OK  7B pri=1 RPMs<-Engine Control Module : RPM=0
00> [110784] #2285 OK  7B pri=1 RPMs<-Engine Control Module : RPM=0
00> [110792] 109 since the click [110683], L = 0, R = 1.
00> Waiting for a long press [5].
00> [110815] #2286 OK  5B pri=6 Malfunction Indicator Lamp<-Engine Control Module : MIL=off
00> [110825] #2287 OK  5B pri=7 Security Indicator Lamp<-Instrument Cluster Panel : SIL=off
00> [110849] #2288 OK  7B pri=1 RPMs<-Engine Control Module : RPM=0
00> [110902] 219 since the click [110683], L = 1, R = 1.
00> Waiting for a long press [6].
00> [110913] #2289 OK  7B pri=1 RPMs<-Engine Control Module : RPM=0
00> [110978] #2290 OK  7B pri=1 RPMs<-Engine Control Module : RPM=0
00> [111012] 329 since the click [110683], L = 1, R = 1.
00> Waiting for a long press [7].
00> [111043] #2291 OK  7B pri=1 RPMs<-Engine Control Module : RPM=0
00> [111107] #2292 OK  7B pri=1 RPMs<-Engine Control Module : RPM=0
00> [111122] 439 since the click [110683], L = 1, R = 1.
00> Waiting for a long press [8].
00> [111172] #2293 OK  7B pri=1 RPMs<-Engine Control Module : RPM=0
00> [111232] 549 since the click [110683], L = 1, R = 1.
00> Check for a long press.
00> Short press.
00> [111237] #2294 OK  7B pri=1 RPMs<-Engine Control Module : RPM=0
00> [111302] #2295 OK  7B pri=1 RPMs<-Engine Control Module : RPM=0
00> [111366] #2296 OK  7B pri=1 RPMs<-Engine Control Module : RPM=0
00> [111431] #2297 OK  7B pri=1 RPMs<-Engine Control Module : RPM=0
00> [111496] #2298 OK  7B pri=1 RPMs<-Engine Control Module : RPM=0
00> [111560] #2299 OK  7B pri=1 RPMs<-Engine Control Module : RPM=0
00> Blink ON
00> [111625] #2300 OK  7B pri=1 RPMs<-Engine Control Module : RPM=0
00> [111642] #2301 OK  5B pri=6 Security Indicator Lamp<-Instrument Cluster Panel : SIL=off
00> [111690] #2302 OK  7B pri=1 RPMs<-Engine Control Module : RPM=0
00> [111754] #2303 OK  7B pri=1 RPMs<-Engine Control Module : RPM=0
00> Blink OFF
00> [111819] #2304 OK  7B pri=1 RPMs<-Engine Control Module : RPM=0
00> [111839] #2305 OK  5B pri=3 Engine status<-HUD : 68 FF 62 03 35
00> [111851] #2306 OK  5B pri=6 Malfunction Indicator Lamp<-Engine Control Module : MIL=off
00> [111859] #2307 OK  5B pri=7 Security Indicator Lamp<-Instrument Cluster Panel : SIL=off
00> [111866] #2308 OK  5B pri=3 Engine status<-Instrument Cluster Panel : 68 FF 61 03 E1
00> [111884] #2309 OK  7B pri=1 RPMs<-Engine Control Module : RPM=0
00> [111948] #2310 OK  7B pri=1 RPMs<-Engine Control Module : RPM=0
00> [112011] Left switch activated.
00> [112013] #2311 OK  7B pri=1 RPMs<-Engine Control Module : RPM=0
00> [112078] #2312 OK  7B pri=1 RPMs<-Engine Control Module : RPM=0
00> [112121] 110 since the click [112011], L = 0, R = 1.
00> LT was pressed for 110.
00> Left Side toggle
00> Left side off
00> [112143] #2313 OK  7B pri=1 RPMs<-Engine Control Module : RPM=0
00> [112207] #2314 OK  7B pri=1 RPMs<-Engine Control Module : RPM=0
00> [112231] 110 since the click [112121], L = 1, R = 1.
00> Waiting for a long press [0].
00> [112239] #2315 OK  5B pri=3 Engine status<-Engine Control Module : 68 FF 10 03 86
00> [112272] #2316 OK  7B pri=1 RPMs<-Engine Control Module : RPM=0
00> [112337] #2317 OK  7B pri=1 RPMs<-Engine Control Module : RPM=0
00> [112341] 220 since the click [112121], L = 1, R = 1.
00> Waiting for a long press [1].
00> [112401] #2318 OK  7B pri=1 RPMs<-Engine Control Module : RPM=0
00> [112451] 330 since the click [112121], L = 1, R = 1.
00> Waiting for a long press [2].
00> [112466] #2319 OK  7B pri=1 RPMs<-Engine Control Module : RPM=0
00> [112531] #2320 OK  7B pri=1 RPMs<-Engine Control Module : RPM=0
00> [112561] 440 since the click [112121], L = 1, R = 1.
00> Waiting for a long press [3].
00> [112595] #2321 OK  7B pri=1 RPMs<-Engine Control Module : RPM=0
00> [112611] #2322 OK  5B pri=3 Malfunction Indicator Lamp<-Engine Control Module : MIL=off
00> [112621] #2323 OK  5B pri=6 Security Indicator Lamp<-Instrument Cluster Panel : SIL=off
00> [112660] #2324 OK  7B pri=1 RPMs<-Engine Control Module : RPM=0
00> [112671] 550 since the click [112121], L = 1, R = 1.
00> Waiting for a long press [4].
00> [112725] #2325 OK  7B pri=1 RPMs<-Engine Control Module : RPM=0
00> [112781] 660 since the click [112121], L = 1, R = 1.
00> Waiting for a long press [5].
00> [112789] #2326 OK  7B pri=1 RPMs<-Engine Control Module : RPM=0
00> [112854] #2327 OK  7B pri=1 RPMs<-Engine Control Module : RPM=0
00> [112886] #2328 OK  5B pri=6 Malfunction Indicator Lamp<-Engine Control Module : MIL=off
00> [112891] 770 since the click [112121], L = 1, R = 1.
00> Waiting for a long press [6].
00> [112893] #2329 OK  5B pri=7 Security Indicator Lamp<-Instrument Cluster Panel : SIL=off
00> [112919] #2330 OK  7B pri=1 RPMs<-Engine Control Module : RPM=0
00> [112983] #2331 OK  7B pri=1 RPMs<-Engine Control Module : RPM=0
00> [113001] 880 since the click [112121], L = 1, R = 1.
00> Waiting for a long press [7].
00> [113048] #2332 OK  7B pri=1 RPMs<-Engine Control Module : RPM=0
00> [113090] Left switch activated.
00> [113113] #2333 OK  7B pri=1 RPMs<-Engine Control Module : RPM=0
00> [113178] #2334 OK  7B pri=1 RPMs<-Engine Control Module : RPM=0
00> [113200] 110 since the click [113090], L = 0, R = 1.
00> Waiting for a long press [8].
00> [113242] #2335 OK  7B pri=1 RPMs<-Engine Control Module : RPM=0
00> [113307] #2336 OK  7B pri=1 RPMs<-Engine Control Module : RPM=0
00> [113310] 220 since the click [113090], L = 0, R = 1.
00> Check for a long press.
00> Long press detected after 220ms.
00> [113372] #2337 OK  7B pri=1 RPMs<-Engine Control Module : RPM=0
00> [113436] #2338 OK  7B pri=1 RPMs<-Engine Control Module : RPM=0
00> [113501] #2339 OK  7B pri=1 RPMs<-Engine Control Module : RPM=0
00> [113566] #2340 OK  7B pri=1 RPMs<-Engine Control Module : RPM=0
00> [113597] #2341 OK  5B pri=3 Malfunction Indicator Lamp<-Engine Control Module : MIL=off
00> [113608] #2342 OK  5B pri=6 Security Indicator Lamp<-Instrument Cluster Panel : SIL=off
00> [113630] #2343 OK  7B pri=1 RPMs<-Engine Control Module : RPM=0
00> [113695] #2344 OK  7B pri=1 RPMs<-Engine Control Module : RPM=0
00> [113760] #2345 OK  7B pri=1 RPMs<-Engine Control Module : RPM=0
00> [113825] #2346 OK  7B pri=1 RPMs<-Engine Control Module : RPM=0
00> [113856] #2347 OK  5B pri=3 Engine status<-Instrument Cluster Panel : 68 FF 61 03 E1
00> [113889] #2348 OK  7B pri=1 RPMs<-Engine Control Module : RPM=0
00> [113921] #2349 OK  5B pri=6 Malfunction Indicator Lamp<-Engine Control Module : MIL=off
00> [113935] #2350 OK  5B pri=7 Security Indicator Lamp<-Instrument Cluster Panel : SIL=off
00> [113954] #2351 OK  7B pri=1 RPMs<-Engine Control Module : RPM=0
00> [114019] #2352 OK  7B pri=1 RPMs<-Engine Control Module : RPM=0
00> [114031] Left switch activated.
00> [114083] #2353 OK  7B pri=1 RPMs<-Engine Control Module : RPM=0
00> [114141] 110 since the click [114031], L = 0, R = 1.
00> LT was pressed for 110.
00> Left Side toggle
00> Right side off
00> [114148] #2354 OK  7B pri=1 RPMs<-Engine Control Module : RPM=0
00> [114213] #2355 OK  7B pri=1 RPMs<-Engine Control Module : RPM=0
00> [114252] 110 since the click [114142], L = 0, R = 1.
00> Waiting for a long press [0].
00> [114277] #2356 OK  7B pri=1 RPMs<-Engine Control Module : RPM=0
00> [114309] #2357 OK  5B pri=3 Engine status<-Engine Control Module : 68 FF 10 03 86
00> [114342] #2358 OK  7B pri=1 RPMs<-Engine Control Module : RPM=0
00> [114362] 220 since the click [114142], L = 0, R = 1.
00> Waiting for a long press [1].
00> [114407] #2359 OK  7B pri=1 RPMs<-Engine Control Module : RPM=0
00> [114472] #2360 OK  7B pri=1 RPMs<-Engine Control Module : RPM=0
00> [114472] 330 since the click [114142], L = 0, R = 1.
00> Waiting for a long press [2].
00> [114534] #2361 OK  6B pri=1 Engine status<-Engine Control Module : 28 FF 10 01 07 07
00> [114582] 440 since the click [114142], L = 1, R = 1.
00> Waiting for a long press [3].
00> [114584] #2362 OK  5B pri=3 Malfunction Indicator Lamp<-Engine Control Module : MIL=off
00> [114595] #2363 OK  5B pri=6 Security Indicator Lamp<-Instrument Cluster Panel : SIL=off
00> Blink ON
00> [114666] #2364 OK  7B pri=1 RPMs<-Engine Control Module : RPM=0
00> [114692] 550 since the click [114142], L = 1, R = 1.
00> Waiting for a long press [4].
00> [114730] #2365 OK  7B pri=1 RPMs<-Engine Control Module : RPM=0
00> [114795] #2366 OK  7B pri=1 RPMs<-Engine Control Module : RPM=0
00> [114802] 660 since the click [114142], L = 1, R = 1.
00> Waiting for a long press [5].
00> Blink OFF
00> [114860] #2367 OK  7B pri=1 RPMs<-Engine Control Module : RPM=0
00> [114912] 770 since the click [114142], L = 1, R = 1.
00> Waiting for a long press [6].
00> [114924] #2368 OK  7B pri=1 RPMs<-Engine Control Module : RPM=0
00> [114957] #2369 OK  5B pri=6 Malfunction Indicator Lamp<-Engine Control Module : MIL=off
00> [114969] #2370 OK  5B pri=7 Security Indicator Lamp<-Instrument Cluster Panel : SIL=off
00> [114989] #2371 OK  7B pri=1 RPMs<-Engine Control Module : RPM=0
00> [115022] 880 since the click [114142], L = 1, R = 1.
00> Waiting for a long press [7].
00> [115054] #2372 OK  7B pri=1 RPMs<-Engine Control Module : RPM=0
00> [115119] #2373 OK  7B pri=1 RPMs<-Engine Control Module : RPM=0
00> [115132] 990 since the click [114142], L = 1, R = 1.
00> Waiting for a long press [8].
00> [115183] #2374 OK  7B pri=1 RPMs<-Engine Control Module : RPM=0
00> [115242] 1100 since the click [114142], L = 1, R = 1.
00> Check for a long press.
00> Short press.
00> [115248] #2375 OK  7B pri=1 RPMs<-Engine Control Module : RPM=0
00> [115313] #2376 OK  7B pri=1 RPMs<-Engine Control Module : RPM=0
00> [115377] #2377 OK  7B pri=1 RPMs<-Engine Control Module : RPM=0
00> [115442] #2378 OK  7B pri=1 RPMs<-Engine Control Module : RPM=0
00> [115507] #2379 OK  7B pri=1 RPMs<-Engine Control Module : RPM=0
00> [115571] #2380 OK  7B pri=1 RPMs<-Engine Control Module : RPM=0
00> [115583] #2381 OK  5B pri=6 Security Indicator Lamp<-Instrument Cluster Panel : SIL=off
00> [115636] #2382 OK  7B pri=1 RPMs<-Engine Control Module : RPM=0
00> [115701] #2383 OK  7B pri=1 RPMs<-Engine Control Module : RPM=0
00> Blink ON
00> [115766] #2384 OK  7B pri=1 RPMs<-Engine Control Module : RPM=0
00> [115819] #2385 OK  5B pri=3 Engine status<-HUD : 68 FF 62 03 35
00> [115830] #2386 OK  7B pri=1 RPMs<-Engine Control Module : RPM=0
00> [115846] #2387 OK  5B pri=3 Engine status<-Instrument Cluster Panel : 68 FF 61 03 E1
00> [115895] #2388 OK  7B pri=1 RPMs<-Engine Control Module : RPM=0
00> Blink OFF
00> [115960] #2389 OK  7B pri=1 RPMs<-Engine Control Module : RPM=0
00> [115991] #2390 OK  5B pri=6 Malfunction Indicator Lamp<-Engine Control Module : MIL=off
00> [116002] #2391 OK  5B pri=7 Security Indicator Lamp<-Instrument Cluster Panel : SIL=off
00> [116024] #2392 OK  7B pri=1 RPMs<-Engine Control Module : RPM=0
00> [116089] #2393 OK  7B pri=1 RPMs<-Engine Control Module : RPM=0
00> [116154] #2394 OK  7B pri=1 RPMs<-Engine Control Module : RPM=0
00> [116218] #2395 OK  7B pri=1 RPMs<-Engine Control Module : RPM=0
00> [116283] #2396 OK  7B pri=1 RPMs<-Engine Control Module : RPM=0
00> [116348] #2397 OK  7B pri=1 RPMs<-Engine Control Module : RPM=0
00> [116380] #2398 OK  5B pri=3 Engine status<-Engine Control Module : 68 FF 10 03 86
00> [116412] #2399 OK  7B pri=1 RPMs<-Engine Control Module : RPM=0
00> [116477] #2400 OK  7B pri=1 RPMs<-Engine Control Module : RPM=0
00> [116537] #2401 OK  6B pri=1 Engine status<-Engine Control Module : 28 FF 10 01 07 07
00> [116557] #2402 OK  5B pri=3 Malfunction Indicator Lamp<-Engine Control Module : MIL=off
00> [116570] #2403 OK  5B pri=6 Security Indicator Lamp<-Instrument Cluster Panel : SIL=off
00> [116607] #2404 OK  7B pri=1 RPMs<-Engine Control Module : RPM=0
00> [116671] #2405 OK  7B pri=1 RPMs<-Engine Control Module : RPM=0
00> [116736] #2406 OK  7B pri=1 RPMs<-Engine Control Module : RPM=0
00> [116801] #2407 OK  7B pri=1 RPMs<-Engine Control Module : RPM=0
00> Blink ON
00> [116865] #2408 OK  7B pri=1 RPMs<-Engine Control Module : RPM=0
00> [116895] Left switch activated.
00> [116930] #2409 OK  7B pri=1 RPMs<-Engine Control Module : RPM=0
00> [116995] #2410 OK  7B pri=1 RPMs<-Engine Control Module : RPM=0
00> [117005] 110 since the click [116895], L = 0, R = 1.
00> LT was pressed for 110.
00> Left Side toggle
00> Left side off
00> [117027] #2411 OK  5B pri=6 Malfunction Indicator Lamp<-Engine Control Module : MIL=off
00> [117036] #2412 OK  5B pri=7 Security Indicator Lamp<-Instrument Cluster Panel : SIL=off
00> [117059] #2413 OK  7B pri=1 RPMs<-Engine Control Module : RPM=0
00> [117115] 110 since the click [117005], L = 0, R = 1.
00> Waiting for a long press [0].
00> [117124] #2414 OK  7B pri=1 RPMs<-Engine Control Module : RPM=0
00> [117189] #2415 OK  7B pri=1 RPMs<-Engine Control Module : RPM=0
00> [117225] 220 since the click [117005], L = 1, R = 1.
00> Waiting for a long press [1].
00> [117254] #2416 OK  7B pri=1 RPMs<-Engine Control Module : RPM=0
00> [117318] #2417 OK  7B pri=1 RPMs<-Engine Control Module : RPM=0
00> [117335] 330 since the click [117005], L = 1, R = 1.
00> Waiting for a long press [2].
00> [117383] #2418 OK  7B pri=1 RPMs<-Engine Control Module : RPM=0
00> [117445] 440 since the click [117005], L = 1, R = 1.
00> Waiting for a long press [3].
00> [117448] #2419 OK  7B pri=1 RPMs<-Engine Control Module : RPM=0
00> [117512] #2420 OK  7B pri=1 RPMs<-Engine Control Module : RPM=0
00> [117544] #2421 OK  5B pri=3 Malfunction Indicator Lamp<-Engine Control Module : MIL=off
00> [117555] 550 since the click [117005], L = 1, R = 1.
00> Waiting for a long press [4].
00> [117557] #2422 OK  5B pri=6 Security Indicator Lamp<-Instrument Cluster Panel : SIL=off
00> [117577] #2423 OK  7B pri=1 RPMs<-Engine Control Module : RPM=0
00> [117642] #2424 OK  7B pri=1 RPMs<-Engine Control Module : RPM=0
00> [117665] 660 since the click [117005], L = 1, R = 1.
00> Waiting for a long press [5].
00> [117707] #2425 OK  7B pri=1 RPMs<-Engine Control Module : RPM=0
00> [117771] #2426 OK  7B pri=1 RPMs<-Engine Control Module : RPM=0
00> [117775] 770 since the click [117005], L = 1, R = 1.
00> Waiting for a long press [6].
00> [117809] #2427 OK  5B pri=3 Engine status<-HUD : 68 FF 62 03 35
00> [117836] #2428 OK  7B pri=1 RPMs<-Engine Control Module : RPM=0
00> [117885] 880 since the click [117005], L = 1, R = 1.
00> Waiting for a long press [7].
00> [117901] #2429 OK  7B pri=1 RPMs<-Engine Control Module : RPM=0
00> [117965] #2430 OK  7B pri=1 RPMs<-Engine Control Module : RPM=0
00> [117995] 990 since the click [117005], L = 1, R = 1.
00> Waiting for a long press [8].
00> [118030] #2431 OK  7B pri=1 RPMs<-Engine Control Module : RPM=0
00> [118062] #2432 OK  5B pri=6 Malfunction Indicator Lamp<-Engine Control Module : MIL=off
00> [118070] #2433 OK  5B pri=7 Security Indicator Lamp<-Instrument Cluster Panel : SIL=off
00> [118094] #2434 OK  7B pri=1 RPMs<-Engine Control Module : RPM=0
00> [118105] 1100 since the click [117005], L = 1, R = 1.
00> Check for a long press.
00> Short press.
00> [118159] #2435 OK  7B pri=1 RPMs<-Engine Control Module : RPM=0
00> [118224] #2436 OK  7B pri=1 RPMs<-Engine Control Module : RPM=0
00> [118289] #2437 OK  7B pri=1 RPMs<-Engine Control Module : RPM=0
00> [118353] #2438 OK  7B pri=1 RPMs<-Engine Control Module : RPM=0
00> [118418] #2439 OK  7B pri=1 RPMs<-Engine Control Module : RPM=0
00> [118450] #2440 OK  5B pri=3 Engine status<-Engine Control Module : 68 FF 10 03 86
00> [118483] #2441 OK  7B pri=1 RPMs<-Engine Control Module : RPM=0
00> [118504] Left switch activated.
00> [118530] #2442 OK  5B pri=3 Malfunction Indicator Lamp<-Engine Control Module : MIL=off
00> [118541] #2443 OK  6B pri=1 Engine status<-Engine Control Module : 28 FF 10 01 07 07
00> [118612] #2444 OK  7B pri=1 RPMs<-Engine Control Module : RPM=0
00> [118614] 110 since the click [118504], L = 1, R = 1.
00> LT short press (released before timer) for 110ms.
00> Left Side toggle
00> Right side off
00> Blink OFF
00> [118677] Left switch activated.
00> [118677] #2445 OK  7B pri=1 RPMs<-Engine Control Module : RPM=0
00> [118742] #2446 OK  7B pri=1 RPMs<-Engine Control Module : RPM=0
00> [118787] 110 since the click [118677], L = 1, R = 1.
00> LT short press (released before timer) for 110ms.
00> Left Side toggle
00> Left side off
00> [118806] #2447 OK  7B pri=1 RPMs<-Engine Control Module : RPM=0
00> [118871] #2448 OK  7B pri=1 RPMs<-Engine Control Module : RPM=0
00> [118936] #2449 OK  7B pri=1 RPMs<-Engine Control Module : RPM=0
00> [119000] #2450 OK  7B pri=1 RPMs<-Engine Control Module : RPM=0
00> [119065] #2451 OK  7B pri=1 RPMs<-Engine Control Module : RPM=0
00> [119096] #2452 OK  5B pri=6 Malfunction Indicator Lamp<-Engine Control Module : MIL=off
00> [119104] #2453 OK  5B pri=7 Security Indicator Lamp<-Instrument Cluster Panel : SIL=off
00> [119130] #2454 OK  7B pri=1 RPMs<-Engine Control Module : RPM=0
00> [119194] #2455 OK  7B pri=1 RPMs<-Engine Control Module : RPM=0
00> [119259] #2456 OK  7B pri=1 RPMs<-Engine Control Module : RPM=0
00> [119324] #2457 OK  7B pri=1 RPMs<-Engine Control Module : RPM=0
00> [119389] #2458 OK  7B pri=1 RPMs<-Engine Control Module : RPM=0
00> [119453] #2459 OK  7B pri=1 RPMs<-Engine Control Module : RPM=0
00> [119518] #2460 OK  7B pri=1 RPMs<-Engine Control Module : RPM=0
00> [119532] #2461 OK  5B pri=6 Security Indicator Lamp<-Instrument Cluster Panel : SIL=off
00> [119583] #2462 OK  7B pri=1 RPMs<-Engine Control Module : RPM=0
00> [119647] #2463 OK  7B pri=1 RPMs<-Engine Control Module : RPM=0
00> [119712] #2464 OK  7B pri=1 RPMs<-Engine Control Module : RPM=0
00> [119731] Left switch activated.
00> [119777] #2465 OK  7B pri=1 RPMs<-Engine Control Module : RPM=0
00> [119799] #2466 OK  5B pri=3 Engine status<-HUD : 68 FF 62 03 35
00> [119826] #2467 OK  5B pri=3 Engine status<-Instrument Cluster Panel : 68 FF 61 03 E1
00> [119841] 110 since the click [119731], L = 0, R = 1.
00> LT was pressed for 110.
00> Left Side toggle
00> Right side off
00> [119842] #2468 OK  7B pri=1 RPMs<-Engine Control Module : RPM=0
00> [119906] #2469 OK  7B pri=1 RPMs<-Engine Control Module : RPM=0
00> [119952] 110 since the click [119842], L = 1, R = 1.
00> Waiting for a long press [0].
00> [119971] #2470 OK  7B pri=1 RPMs<-Engine Control Module : RPM=0
00> [120035] #2471 OK  7B pri=1 RPMs<-Engine Control Module : RPM=0
00> [120062] 220 since the click [119842], L = 1, R = 1.
00> Waiting for a long press [1].
00> [120100] #2472 OK  7B pri=1 RPMs<-Engine Control Module : RPM=0
00> [120132] #2473 OK  5B pri=6 Malfunction Indicator Lamp<-Engine Control Module : MIL=off
00> [120146] #2474 OK  5B pri=7 Security Indicator Lamp<-Instrument Cluster Panel : SIL=off
00> Blink ON
00> [120165] #2475 OK  7B pri=1 RPMs<-Engine Control Module : RPM=0
00> [120172] 330 since the click [119842], L = 1, R = 1.
00> Waiting for a long press [2].
00> [120230] #2476 OK  7B pri=1 RPMs<-Engine Control Module : RPM=0
00> [120282] 440 since the click [119842], L = 1, R = 1.
00> Waiting for a long press [3].
00> [120294] #2477 OK  7B pri=1 RPMs<-Engine Control Module : RPM=0
00> [120330] #2478 OK  8B pri=3 Scanner<-Engine Control Module : DTC reply src=0x10
00> [120332] Periodic SIL clear -> IPC
00> Blink OFF
00> [120359] #2479 OK  7B pri=1 RPMs<-Engine Control Module : RPM=0
00> [120392] 550 since the click [119842], L = 1, R = 1.
00> Waiting for a long press [4].
00> [120413] Left switch activated.
00> [120424] #2480 OK  7B pri=1 RPMs<-Engine Control Module : RPM=0
00> [120488] #2481 OK  7B pri=1 RPMs<-Engine Control Module : RPM=0
00> [120503] #2482 OK  5B pri=3 Malfunction Indicator Lamp<-Engine Control Module : MIL=off
00> [120511] #2483 OK  5B pri=6 Security Indicator Lamp<-Instrument Cluster Panel : SIL=off
00> [120520] #2484 OK  5B pri=3 Engine status<-Engine Control Module : 68 FF 10 03 86
00> [120529] 116 since the click [120413], L = 1, R = 1.
00> Waiting for a long press [5].
00> [120545] #2485 OK  6B pri=1 Engine status<-Engine Control Module : 28 FF 10 01 07 07
00> [120553] #2486 OK  7B pri=1 RPMs<-Engine Control Module : RPM=0
00> [120618] #2487 OK  7B pri=1 RPMs<-Engine Control Module : RPM=0
00> [120633] 220 since the click [120413], L = 1, R = 1.
00> Waiting for a long press [6].
00> [120683] #2488 OK  7B pri=1 RPMs<-Engine Control Module : RPM=0
00> [120743] 330 since the click [120413], L = 1, R = 1.
00> Waiting for a long press [7].
00> [120747] #2489 OK  7B pri=1 RPMs<-Engine Control Module : RPM=0
00> [120812] #2490 OK  7B pri=1 RPMs<-Engine Control Module : RPM=0
00> [120853] 440 since the click [120413], L = 1, R = 1.
00> Waiting for a long press [8].
00> [120877] #2491 OK  7B pri=1 RPMs<-Engine Control Module : RPM=0
00> [120941] #2492 OK  7B pri=1 RPMs<-Engine Control Module : RPM=0
00> [120963] 550 since the click [120413], L = 1, R = 1.
00> Check for a long press.
00> Short press.
00> [121006] #2493 OK  7B pri=1 RPMs<-Engine Control Module : RPM=0
00> [121071] #2494 OK  7B pri=1 RPMs<-Engine Control Module : RPM=0
00> [121135] #2495 OK  7B pri=1 RPMs<-Engine Control Module : RPM=0
00> [121167] #2496 OK  5B pri=6 Malfunction Indicator Lamp<-Engine Control Module : MIL=off
00> [121180] #2497 OK  5B pri=7 Security Indicator Lamp<-Instrument Cluster Panel : SIL=off
00> [121200] #2498 OK  7B pri=1 RPMs<-Engine Control Module : RPM=0
00> Blink ON
00> [121265] #2499 OK  7B pri=1 RPMs<-Engine Control Module : RPM=0
00> [121330] #2500 OK  7B pri=1 RPMs<-Engine Control Module : RPM=0
00> [121394] #2501 OK  7B pri=1 RPMs<-Engine Control Module : RPM=0
00> [121435] Left switch activated.
00> Blink OFF
00> [121459] #2502 OK  7B pri=1 RPMs<-Engine Control Module : RPM=0
00> [121491] #2503 OK  5B pri=3 Malfunction Indicator Lamp<-Engine Control Module : MIL=off
00> [121498] #2504 OK  5B pri=6 Security Indicator Lamp<-Instrument Cluster Panel : SIL=off
00> [121523] #2505 OK  7B pri=1 RPMs<-Engine Control Module : RPM=0
00> [121545] 110 since the click [121435], L = 0, R = 1.
00> LT was pressed for 110.
00> Left Side toggle
00> Left side off
00> [121588] #2506 OK  7B pri=1 RPMs<-Engine Control Module : RPM=0
00> [121653] #2507 OK  7B pri=1 RPMs<-Engine Control Module : RPM=0
00> [121656] 110 since the click [121546], L = 1, R = 1.
00> Waiting for a long press [0].
00> [121718] #2508 OK  7B pri=1 RPMs<-Engine Control Module : RPM=0
00> [121766] 220 since the click [121546], L = 1, R = 1.
00> Waiting for a long press [1].
00> [121783] #2509 OK  7B pri=1 RPMs<-Engine Control Module : RPM=0
00> [121790] #2510 OK  5B pri=3 Engine status<-HUD : 68 FF 62 03 35
00> [121816] #2511 OK  5B pri=3 Engine status<-Instrument Cluster Panel : 68 FF 61 03 E1
00> [121847] #2512 OK  7B pri=1 RPMs<-Engine Control Module : RPM=0
00> [121876] 330 since the click [121546], L = 1, R = 1.
00> Waiting for a long press [2].
00> [121912] #2513 OK  7B pri=1 RPMs<-Engine Control Module : RPM=0
00> [121976] #2514 OK  7B pri=1 RPMs<-Engine Control Module : RPM=0
00> [121986] 440 since the click [121546], L = 1, R = 1.
00> Waiting for a long press [3].
00> [122041] #2515 OK  7B pri=1 RPMs<-Engine Control Module : RPM=0
00> [122096] 550 since the click [121546], L = 1, R = 1.
00> Waiting for a long press [4].
00> [122106] #2516 OK  7B pri=1 RPMs<-Engine Control Module : RPM=0
00> [122170] #2517 OK  7B pri=1 RPMs<-Engine Control Module : RPM=0
00> [122196] Left switch activated.
00> [122202] #2518 OK  5B pri=6 Malfunction Indicator Lamp<-Engine Control Module : MIL=off
00> [122213] #2519 OK  5B pri=7 Security Indicator Lamp<-Instrument Cluster Panel : SIL=off
00> [122235] #2520 OK  7B pri=1 RPMs<-Engine Control Module : RPM=0
00> [122300] #2521 OK  7B pri=1 RPMs<-Engine Control Module : RPM=0
00> [122306] 110 since the click [122196], L = 0, R = 1.
00> Waiting for a long press [5].
00> [122365] #2522 OK  7B pri=1 RPMs<-Engine Control Module : RPM=0
00> [122416] 220 since the click [122196], L = 1, R = 1.
00> Waiting for a long press [6].
00> [122429] #2523 OK  7B pri=1 RPMs<-Engine Control Module : RPM=0
00> [122477] #2524 OK  5B pri=3 Malfunction Indicator Lamp<-Engine Control Module : MIL=off
00> [122485] #2525 OK  5B pri=6 Security Indicator Lamp<-Instrument Cluster Panel : SIL=off
00> [122494] #2526 OK  7B pri=1 RPMs<-Engine Control Module : RPM=0
00> [122526] 330 since the click [122196], L = 1, R = 1.
00> Waiting for a long press [7].
00> [122549] #2527 OK  6B pri=1 Engine status<-Engine Control Module : 28 FF 10 01 07 07
00> [122559] #2528 OK  7B pri=1 RPMs<-Engine Control Module : RPM=0
00> [122590] #2529 OK  5B pri=3 Engine status<-Engine Control Module : 68 FF 10 03 86
00> [122623] #2530 OK  7B pri=1 RPMs<-Engine Control Module : RPM=0
00> [122636] 440 since the click [122196], L = 1, R = 1.
00> Waiting for a long press [8].
00> [122688] #2531 OK  7B pri=1 RPMs<-Engine Control Module : RPM=0
00> [122746] 550 since the click [122196], L = 1, R = 1.
00> Check for a long press.
00> Short press.
00> [122753] #2532 OK  7B pri=1 RPMs<-Engine Control Module : RPM=0
00> [122817] #2533 OK  7B pri=1 RPMs<-Engine Control Module : RPM=0
00> [122882] #2534 OK  7B pri=1 RPMs<-Engine Control Module : RPM=0
00> [122947] #2535 OK  7B pri=1 RPMs<-Engine Control Module : RPM=0
00> [123012] #2536 OK  7B pri=1 RPMs<-Engine Control Module : RPM=0
00> [123076] #2537 OK  7B pri=1 RPMs<-Engine Control Module : RPM=0
00> [123141] #2538 OK  7B pri=1 RPMs<-Engine Control Module : RPM=0
00> [123206] #2539 OK  7B pri=1 RPMs<-Engine Control Module : RPM=0
00> [123238] #2540 OK  5B pri=6 Malfunction Indicator Lamp<-Engine Control Module : MIL=off
00> [123247] #2541 OK  5B pri=7 Security Indicator Lamp<-Instrument Cluster Panel : SIL=off
00> [123270] #2542 OK  7B pri=1 RPMs<-Engine Control Module : RPM=0
00> [123335] #2543 OK  7B pri=1 RPMs<-Engine Control Module : RPM=0
00> [123400] #2544 OK  7B pri=1 RPMs<-Engine Control Module : RPM=0
00> [123465] #2545 OK  7B pri=1 RPMs<-Engine Control Module : RPM=0
00> [123480] #2546 OK  5B pri=6 Security Indicator Lamp<-Instrument Cluster Panel : SIL=off
00> [123529] #2547 OK  7B pri=1 RPMs<-Engine Control Module : RPM=0
00> [123594] #2548 OK  7B pri=1 RPMs<-Engine Control Module : RPM=0
00> [123625] Left switch activated.
00> [123659] #2549 OK  7B pri=1 RPMs<-Engine Control Module : RPM=0
00> [123723] #2550 OK  7B pri=1 RPMs<-Engine Control Module : RPM=0
00> [123735] 110 since the click [123625], L = 0, R = 1.
00> LT was pressed for 110.
00> Left Side toggle
00> Right side off
00> [123779] #2551 OK  5B pri=3 Engine status<-HUD : 68 FF 62 03 35
00> [123788] #2552 OK  7B pri=1 RPMs<-Engine Control Module : RPM=0
00> [123806] #2553 OK  5B pri=3 Engine status<-Instrument Cluster Panel : 68 FF 61 03 E1
00> [123845] 110 since the click [123735], L = 1, R = 1.
00> Waiting for a long press [0].
00> [123853] #2554 OK  7B pri=1 RPMs<-Engine Control Module : RPM=0
00> [123917] #2555 OK  7B pri=1 RPMs<-Engine Control Module : RPM=0
00> [123955] 220 since the click [123735], L = 1, R = 1.
00> Waiting for a long press [1].
00> [123982] #2556 OK  7B pri=1 RPMs<-Engine Control Module : RPM=0
00> [124047] #2557 OK  7B pri=1 RPMs<-Engine Control Module : RPM=0
00> [124065] 330 since the click [123735], L = 1, R = 1.
00> Waiting for a long press [2].
00> [124112] #2558 OK  7B pri=1 RPMs<-Engine Control Module : RPM=0
00> [124175] 440 since the click [123735], L = 1, R = 1.
00> Waiting for a long press [3].
00> [124176] #2559 OK  7B pri=1 RPMs<-Engine Control Module : RPM=0
00> Blink ON
00> [124241] #2560 OK  7B pri=1 RPMs<-Engine Control Module : RPM=0
00> [124273] #2561 OK  5B pri=6 Malfunction Indicator Lamp<-Engine Control Module : MIL=off
00> [124281] #2562 OK  5B pri=7 Security Indicator Lamp<-Instrument Cluster Panel : SIL=off
00> [124285] 550 since the click [123735], L = 1, R = 1.
00> Waiting for a long press [4].
00> [124305] #2563 OK  7B pri=1 RPMs<-Engine Control Module : RPM=0
00> [124370] #2564 OK  7B pri=1 RPMs<-Engine Control Module : RPM=0
00> [124395] 660 since the click [123735], L = 1, R = 1.
00> Waiting for a long press [5].
00> Blink OFF
00> [124435] #2565 OK  7B pri=1 RPMs<-Engine Control Module : RPM=0
00> [124450] #2566 OK  5B pri=3 Malfunction Indicator Lamp<-Engine Control Module : MIL=off
00> [124460] #2567 OK  5B pri=6 Security Indicator Lamp<-Instrument Cluster Panel : SIL=off
00> [124500] #2568 OK  7B pri=1 RPMs<-Engine Control Module : RPM=0
00> [124505] 770 since the click [123735], L = 1, R = 1.
00> Waiting for a long press [6].
00> [124553] #2569 OK  6B pri=1 Engine status<-Engine Control Module : 28 FF 10 01 07 07
00> [124564] #2570 OK  7B pri=1 RPMs<-Engine Control Module : RPM=0
00> [124615] 880 since the click [123735], L = 1, R = 1.
00> Waiting for a long press [7].
00> [124629] #2571 OK  7B pri=1 RPMs<-Engine Control Module : RPM=0
00> [124661] #2572 OK  5B pri=3 Engine status<-Engine Control Module : 68 FF 10 03 86
00> [124694] #2573 OK  7B pri=1 RPMs<-Engine Control Module : RPM=0
00> [124725] 990 since the click [123735], L = 1, R = 1.
00> Waiting for a long press [8].
00> [124758] #2574 OK  7B pri=1 RPMs<-Engine Control Module : RPM=0
00> [124823] #2575 OK  7B pri=1 RPMs<-Engine Control Module : RPM=0
00> [124835] 1100 since the click [123735], L = 1, R = 1.
00> Check for a long press.
00> Short press.
00> [124884] Left switch activated.
00> [124888] #2576 OK  7B pri=1 RPMs<-Engine Control Module : RPM=0
00> [124952] #2577 OK  7B pri=1 RPMs<-Engine Control Module : RPM=0
00> [124994] 110 since the click [124884], L = 0, R = 1.
00> LT was pressed for 110.
00> Left Side toggle
00> Left side off
00> [125017] #2578 OK  7B pri=1 RPMs<-Engine Control Module : RPM=0
00> [125082] #2579 OK  7B pri=1 RPMs<-Engine Control Module : RPM=0
00> [125105] 110 since the click [124995], L = 1, R = 1.
00> Waiting for a long press [0].
00> [125147] #2580 OK  7B pri=1 RPMs<-Engine Control Module : RPM=0
00> [125211] #2581 OK  7B pri=1 RPMs<-Engine Control Module : RPM=0
00> [125215] 220 since the click [124995], L = 1, R = 1.
00> Waiting for a long press [1].
00> [125276] #2582 OK  7B pri=1 RPMs<-Engine Control Module : RPM=0
00> [125307] #2583 OK  5B pri=6 Malfunction Indicator Lamp<-Engine Control Module : MIL=off
00> [125315] #2584 OK  5B pri=7 Security Indicator Lamp<-Instrument Cluster Panel : SIL=off
00> [125325] 330 since the click [124995], L = 1, R = 1.
00> Waiting for a long press [2].
00> [125341] #2585 OK  7B pri=1 RPMs<-Engine Control Module : RPM=0
00> [125405] #2586 OK  7B pri=1 RPMs<-Engine Control Module : RPM=0
00> [125435] 440 since the click [124995], L = 1, R = 1.
00> Waiting for a long press [3].
00> [125437] #2587 OK  5B pri=3 Malfunction Indicator Lamp<-Engine Control Module : MIL=off
00> [125447] #2588 OK  5B pri=6 Security Indicator Lamp<-Instrument Cluster Panel : SIL=off
00> [125470] #2589 OK  7B pri=1 RPMs<-Engine Control Module : RPM=0
00> [125535] #2590 OK  7B pri=1 RPMs<-Engine Control Module : RPM=0
00> [125545] 550 since the click [124995], L = 1, R = 1.
00> Waiting for a long press [4].
00> [125600] #2591 OK  7B pri=1 RPMs<-Engine Control Module : RPM=0
00> [125655] 660 since the click [124995], L = 1, R = 1.
00> Waiting for a long press [5].
00> [125664] #2592 OK  7B pri=1 RPMs<-Engine Control Module : RPM=0
00> [125729] #2593 OK  7B pri=1 RPMs<-Engine Control Module : RPM=0
00> [125765] 770 since the click [124995], L = 1, R = 1.
00> Waiting for a long press [6].
00> [125769] #2594 OK  5B pri=3 Engine status<-HUD : 68 FF 62 03 35
00> [125794] #2595 OK  7B pri=1 RPMs<-Engine Control Module : RPM=0
00> [125858] #2596 OK  7B pri=1 RPMs<-Engine Control Module : RPM=0
00> [125875] 880 since the click [124995], L = 1, R = 1.
00> Waiting for a long press [7].
00> [125923] #2597 OK  7B pri=1 RPMs<-Engine Control Module : RPM=0
00> [125985] 990 since the click [124995], L = 1, R = 1.
00> Waiting for a long press [8].
00> [125988] #2598 OK  7B pri=1 RPMs<-Engine Control Module : RPM=0
00> [126052] #2599 OK  7B pri=1 RPMs<-Engine Control Module : RPM=0
00> [126095] 1100 since the click [124995], L = 1, R = 1.
00> Check for a long press.
00> Short press.
00> [126117] #2600 OK  7B pri=1 RPMs<-Engine Control Module : RPM=0
00> [126182] #2601 OK  7B pri=1 RPMs<-Engine Control Module : RPM=0
00> [126246] #2602 OK  7B pri=1 RPMs<-Engine Control Module : RPM=0
00> [126311] #2603 OK  7B pri=1 RPMs<-Engine Control Module : RPM=0
00> [126343] #2604 OK  5B pri=6 Malfunction Indicator Lamp<-Engine Control Module : MIL=off
00> [126349] #2605 OK  5B pri=7 Security Indicator Lamp<-Instrument Cluster Panel : SIL=off
00> [126376] #2606 OK  7B pri=1 RPMs<-Engine Control Module : RPM=0
00> [126423] #2607 OK  5B pri=3 Malfunction Indicator Lamp<-Engine Control Module : MIL=off
00> [126434] #2608 OK  5B pri=6 Security Indicator Lamp<-Instrument Cluster Panel : SIL=off
00> [126440] #2609 OK  7B pri=1 RPMs<-Engine Control Module : RPM=0
00> [126505] #2610 OK  7B pri=1 RPMs<-Engine Control Module : RPM=0
00> [126552] Left switch activated.
00> [126558] #2611 OK  6B pri=1 Engine status<-Engine Control Module : 28 FF 10 01 07 07
00> [126570] #2612 OK  7B pri=1 RPMs<-Engine Control Module : RPM=0
00> [126635] #2613 OK  7B pri=1 RPMs<-Engine Control Module : RPM=0
00> [126662] 110 since the click [126552], L = 0, R = 1.
00> LT was pressed for 110.
00> Left Side toggle
00> Right side off
00> [126699] #2614 OK  7B pri=1 RPMs<-Engine Control Module : RPM=0
00> [126731] #2615 OK  5B pri=3 Engine status<-Engine Control Module : 68 FF 10 03 86
00> [126764] #2616 OK  7B pri=1 RPMs<-Engine Control Module : RPM=0
00> [126772] 110 since the click [126662], L = 1, R = 1.
00> Waiting for a long press [0].
00> [126829] #2617 OK  7B pri=1 RPMs<-Engine Control Module : RPM=0
00> [126882] 220 since the click [126662], L = 1, R = 1.
00> Waiting for a long press [1].
00> [126893] #2618 OK  7B pri=1 RPMs<-Engine Control Module : RPM=0
00> [126958] #2619 OK  7B pri=1 RPMs<-Engine Control Module : RPM=0
00> Blink ON
00> [126992] 330 since the click [126662], L = 1, R = 1.
00> Waiting for a long press [2].
00> [127023] #2620 OK  7B pri=1 RPMs<-Engine Control Module : RPM=0
00> [127087] #2621 OK  7B pri=1 RPMs<-Engine Control Module : RPM=0
00> [127102] 440 since the click [126662], L = 1, R = 1.
00> Waiting for a long press [3].
00> [127152] #2622 OK  7B pri=1 RPMs<-Engine Control Module : RPM=0
00> Blink OFF
00> [127212] 550 since the click [126662], L = 1, R = 1.
00> Waiting for a long press [4].
00> [127217] #2623 OK  7B pri=1 RPMs<-Engine Control Module : RPM=0
00> [127282] #2624 OK  7B pri=1 RPMs<-Engine Control Module : RPM=0
00> [127322] 660 since the click [126662], L = 1, R = 1.
00> Waiting for a long press [5].
00> [127346] #2625 OK  7B pri=1 RPMs<-Engine Control Module : RPM=0
00> [127378] #2626 OK  5B pri=6 Malfunction Indicator Lamp<-Engine Control Module : MIL=off
00> [127390] #2627 OK  5B pri=7 Security Indicator Lamp<-Instrument Cluster Panel : SIL=off
00> [127411] #2628 OK  7B pri=1 RPMs<-Engine Control Module : RPM=0
00> [127422] #2629 OK  5B pri=6 Security Indicator Lamp<-Instrument Cluster Panel : SIL=off
00> [127432] 770 since the click [126662], L = 1, R = 1.
00> Waiting for a long press [6].
00> [127475] #2630 OK  7B pri=1 RPMs<-Engine Control Module : RPM=0
00> [127540] #2631 OK  7B pri=1 RPMs<-Engine Control Module : RPM=0
00> [127542] 880 since the click [126662], L = 1, R = 1.
00> Waiting for a long press [7].
00> [127605] #2632 OK  7B pri=1 RPMs<-Engine Control Module : RPM=0
00> [127652] 990 since the click [126662], L = 1, R = 1.
00> Waiting for a long press [8].
00> [127670] #2633 OK  7B pri=1 RPMs<-Engine Control Module : RPM=0
00> [127734] #2634 OK  7B pri=1 RPMs<-Engine Control Module : RPM=0
00> [127759] #2635 OK  5B pri=3 Engine status<-HUD : 68 FF 62 03 35
00> [127762] 1100 since the click [126662], L = 1, R = 1.
00> Check for a long press.
00> Short press.
00> [127786] #2636 OK  5B pri=3 Engine status<-Instrument Cluster Panel : 68 FF 61 03 E1
00> [127799] #2637 OK  7B pri=1 RPMs<-Engine Control Module : RPM=0
00> [127864] #2638 OK  7B pri=1 RPMs<-Engine Control Module : RPM=0
00> [127928] #2639 OK  7B pri=1 RPMs<-Engine Control Module : RPM=0
00> [127993] #2640 OK  7B pri=1 RPMs<-Engine Control Module : RPM=0
00> [128058] #2641 OK  7B pri=1 RPMs<-Engine Control Module : RPM=0
00> Blink ON
00> [128122] #2642 OK  7B pri=1 RPMs<-Engine Control Module : RPM=0
00> [128187] #2643 OK  7B pri=1 RPMs<-Engine Control Module : RPM=0
00> [128252] #2644 OK  7B pri=1 RPMs<-Engine Control Module : RPM=0
00> Blink OFF
00> [128316] #2645 OK  7B pri=1 RPMs<-Engine Control Module : RPM=0
00> [128381] #2646 OK  7B pri=1 RPMs<-Engine Control Module : RPM=0
00> [128396] #2647 OK  5B pri=3 Malfunction Indicator Lamp<-Engine Control Module : MIL=off
00> [128409] #2648 OK  5B pri=6 Security Indicator Lamp<-Instrument Cluster Panel : SIL=off
00> [128424] #2649 OK  5B pri=7 Security Indicator Lamp<-Instrument Cluster Panel : SIL=off
00> [128446] #2650 OK  7B pri=1 RPMs<-Engine Control Module : RPM=0
00> [128510] #2651 OK  7B pri=1 RPMs<-Engine Control Module : RPM=0
00> [128562] #2652 OK  6B pri=1 Engine status<-Engine Control Module : 28 FF 10 01 07 07
00> [128575] #2653 OK  7B pri=1 RPMs<-Engine Control Module : RPM=0
00> [128640] #2654 OK  7B pri=1 RPMs<-Engine Control Module : RPM=0
00> [128705] #2655 OK  7B pri=1 RPMs<-Engine Control Module : RPM=0
00> [128724] Left switch activated.
00> [128769] #2656 OK  7B pri=1 RPMs<-Engine Control Module : RPM=0
00> [128801] #2657 OK  5B pri=3 Engine status<-Engine Control Module : 68 FF 10 03 86
00> [128834] 110 since the click [128724], L = 0, R = 1.
00> LT was pressed for 110.
00> Left Side toggle
00> Left side off
00> [128834] #2658 OK  7B pri=1 RPMs<-Engine Control Module : RPM=0
00> [128899] #2659 OK  7B pri=1 RPMs<-Engine Control Module : RPM=0
00> [128944] 110 since the click [128834], L = 1, R = 1.
00> Waiting for a long press [0].
00> [128963] #2660 OK  7B pri=1 RPMs<-Engine Control Module : RPM=0
00> [129028] #2661 OK  7B pri=1 RPMs<-Engine Control Module : RPM=0
00> [129054] 220 since the click [128834], L = 1, R = 1.
00> Waiting for a long press [1].
00> [129093] #2662 OK  7B pri=1 RPMs<-Engine Control Module : RPM=0
00> [129157] #2663 OK  7B pri=1 RPMs<-Engine Control Module : RPM=0
00> [129164] 330 since the click [128834], L = 1, R = 1.
00> Waiting for a long press [2].
00> [129222] #2664 OK  7B pri=1 RPMs<-Engine Control Module : RPM=0
00> [129274] 440 since the click [128834], L = 1, R = 1.
00> Waiting for a long press [3].
00> [129287] #2665 OK  7B pri=1 RPMs<-Engine Control Module : RPM=0
00> [129352] #2666 OK  7B pri=1 RPMs<-Engine Control Module : RPM=0
00> [129383] #2667 OK  5B pri=3 Malfunction Indicator Lamp<-Engine Control Module : MIL=off
00> [129384] 550 since the click [128834], L = 1, R = 1.
00> Waiting for a long press [4].
00> [129396] #2668 OK  5B pri=6 Security Indicator Lamp<-Instrument Cluster Panel : SIL=off
00> [129416] #2669 OK  7B pri=1 RPMs<-Engine Control Module : RPM=0
00> [129448] #2670 OK  5B pri=6 Malfunction Indicator Lamp<-Engine Control Module : MIL=off
00> [129458] #2671 OK  5B pri=7 Security Indicator Lamp<-Instrument Cluster Panel : SIL=off
00> [129481] #2672 OK  7B pri=1 RPMs<-Engine Control Module : RPM=0
00> [129494] 660 since the click [128834], L = 1, R = 1.
00> Waiting for a long press [5].
00> [129546] #2673 OK  7B pri=1 RPMs<-Engine Control Module : RPM=0
00> [129604] 770 since the click [128834], L = 1, R = 1.
00> Waiting for a long press [6].
00> [129610] #2674 OK  7B pri=1 RPMs<-Engine Control Module : RPM=0
00> [129675] #2675 OK  7B pri=1 RPMs<-Engine Control Module : RPM=0
00> [129714] 880 since the click [128834], L = 1, R = 1.
00> Waiting for a long press [7].
00> [129740] #2676 OK  7B pri=1 RPMs<-Engine Control Module : RPM=0
00> [129749] #2677 OK  5B pri=3 Engine status<-HUD : 68 FF 62 03 35
00> [129776] #2678 OK  5B pri=3 Engine status<-Instrument Cluster Panel : 68 FF 61 03 E1
00> [129804] #2679 OK  7B pri=1 RPMs<-Engine Control Module : RPM=0
00> [129824] 990 since the click [128834], L = 1, R = 1.
00> Waiting for a long press [8].
00> [129869] #2680 OK  7B pri=1 RPMs<-Engine Control Module : RPM=0
00> [129934] #2681 OK  7B pri=1 RPMs<-Engine Control Module : RPM=0
00> [129934] 1100 since the click [128834], L = 1, R = 1.
00> Check for a long press.
00> Short press.
00> [129999] #2682 OK  7B pri=1 RPMs<-Engine Control Module : RPM=0
00> [130056] Left switch activated.
00> [130063] #2683 OK  7B pri=1 RPMs<-Engine Control Module : RPM=0
00> [130128] #2684 OK  7B pri=1 RPMs<-Engine Control Module : RPM=0
00> [130166] 110 since the click [130056], L = 0, R = 1.
00> LT was pressed for 110.
00> Left Side toggle
00> Right side off
00> [130193] #2685 OK  7B pri=1 RPMs<-Engine Control Module : RPM=0
00> [130257] #2686 OK  7B pri=1 RPMs<-Engine Control Module : RPM=0
00> [130276] 110 since the click [130166], L = 1, R = 1.
00> Waiting for a long press [0].
00> [130322] #2687 OK  7B pri=1 RPMs<-Engine Control Module : RPM=0
00> [130336] Periodic SIL clear -> IPC
00> [130369] #2688 OK  5B pri=3 Malfunction Indicator Lamp<-Engine Control Module : MIL=off
00> [130383] #2689 OK  5B pri=6 Security Indicator Lamp<-Instrument Cluster Panel : SIL=off
00> [130386] 220 since the click [130166], L = 1, R = 1.
00> Waiting for a long press [1].
00> [130451] #2690 OK  7B pri=1 RPMs<-Engine Control Module : RPM=0
00> [130483] #2691 OK  5B pri=6 Malfunction Indicator Lamp<-Engine Control Module : MIL=off
00> [130492] #2692 OK  5B pri=7 Security Indicator Lamp<-Instrument Cluster Panel : SIL=off
00> Blink ON
00> [130496] 330 since the click [130166], L = 1, R = 1.
00> Waiting for a long press [2].
00> [130516] #2693 OK  7B pri=1 RPMs<-Engine Control Module : RPM=0
00> [130566] #2694 OK  6B pri=1 Engine status<-Engine Control Module : 28 FF 10 01 07 07
00> [130581] #2695 OK  7B pri=1 RPMs<-Engine Control Module : RPM=0
00> [130606] 440 since the click [130166], L = 1, R = 1.
00> Waiting for a long press [3].
00> [130642] Left switch activated.
00> [130645] #2696 OK  7B pri=1 RPMs<-Engine Control Module : RPM=0
00> Blink OFF
00> [130710] #2697 OK  7B pri=1 RPMs<-Engine Control Module : RPM=0
00> [130752] 110 since the click [130642], L = 0, R = 1.
00> Waiting for a long press [4].
00> [130775] #2698 OK  7B pri=1 RPMs<-Engine Control Module : RPM=0
00> [130840] #2699 OK  7B pri=1 RPMs<-Engine Control Module : RPM=0
00> [130862] 220 since the click [130642], L = 1, R = 1.
00> Waiting for a long press [5].
00> [130871] #2700 OK  5B pri=3 Engine status<-Engine Control Module : 68 FF 10 03 86
00> [130904] #2701 OK  7B pri=1 RPMs<-Engine Control Module : RPM=0
00> [130969] #2702 OK  7B pri=1 RPMs<-Engine Control Module : RPM=0
00> [130972] 330 since the click [130642], L = 1, R = 1.
00> Waiting for a long press [6].
00> [131034] #2703 OK  7B pri=1 RPMs<-Engine Control Module : RPM=0
00> [131082] 440 since the click [130642], L = 1, R = 1.
00> Waiting for a long press [7].
00> [131098] #2704 OK  7B pri=1 RPMs<-Engine Control Module : RPM=0
00> [131148] #2705 OK  8B pri=3 Scanner<-Engine Control Module : DTC reply src=0x10
00> [131163] #2706 OK  7B pri=1 RPMs<-Engine Control Module : RPM=0
00> [131192] 550 since the click [130642], L = 0, R = 1.
00> Waiting for a long press [8].
00> [131228] #2707 OK  7B pri=1 RPMs<-Engine Control Module : RPM=0
00> [131292] #2708 OK  7B pri=1 RPMs<-Engine Control Module : RPM=0
00> [131302] 660 since the click [130642], L = 1, R = 1.
00> Check for a long press.
00> Short press.
00> [131357] #2709 OK  7B pri=1 RPMs<-Engine Control Module : RPM=0
00> [131371] #2710 OK  5B pri=6 Security Indicator Lamp<-Instrument Cluster Panel : SIL=off
00> [131422] #2711 OK  7B pri=1 RPMs<-Engine Control Module : RPM=0
00> [131487] #2712 OK  7B pri=1 RPMs<-Engine Control Module : RPM=0
00> [131519] #2713 OK  5B pri=6 Malfunction Indicator Lamp<-Engine Control Module : MIL=off
00> [131526] #2714 OK  5B pri=7 Security Indicator Lamp<-Instrument Cluster Panel : SIL=off
00> Blink ON
00> [131616] #2716 OK  7B pri=1 RPMs<-Engine Control Module : RPM=0
00> [131681] #2717 OK  7B pri=1 RPMs<-Engine Control Module : RPM=0
00> [131739] #2718 OK  5B pri=3 Engine status<-HUD : 68 FF 62 03 35
00> [131745] #2719 OK  7B pri=1 RPMs<-Engine Control Module : RPM=0
00> [131766] #2720 OK  5B pri=3 Engine status<-Instrument Cluster Panel : 68 FF 61 03 E1
00> Blink OFF
00> [131810] #2721 OK  7B pri=1 RPMs<-Engine Control Module : RPM=0
00> [131875] #2722 OK  7B pri=1 RPMs<-Engine Control Module : RPM=0
00> [131939] #2723 OK  7B pri=1 RPMs<-Engine Control Module : RPM=0
00> [132004] #2724 OK  7B pri=1 RPMs<-Engine Control Module : RPM=0
00> [132069] #2725 OK  7B pri=1 RPMs<-Engine Control Module : RPM=0
00> [132134] #2726 OK  7B pri=1 RPMs<-Engine Control Module : RPM=0
00> [132198] #2727 OK  7B pri=1 RPMs<-Engine Control Module : RPM=0
00> [132263] #2728 OK  7B pri=1 RPMs<-Engine Control Module : RPM=0
00> [132327] #2729 OK  7B pri=1 RPMs<-Engine Control Module : RPM=0
00> [132343] #2730 OK  5B pri=3 Malfunction Indicator Lamp<-Engine Control Module : MIL=off
00> [132350] #2731 OK  5B pri=6 Security Indicator Lamp<-Instrument Cluster Panel : SIL=off
00> [132392] #2732 OK  7B pri=1 RPMs<-Engine Control Module : RPM=0
00> [132457] #2733 OK  7B pri=1 RPMs<-Engine Control Module : RPM=0
00> [132522] #2734 OK  7B pri=1 RPMs<-Engine Control Module : RPM=0
00> [132554] #2735 OK  5B pri=6 Malfunction Indicator Lamp<-Engine Control Module : MIL=off
00> [132587] #2737 OK  7B pri=1 RPMs<-Engine Control Module : RPM=0
00> [132651] #2738 OK  7B pri=1 RPMs<-Engine Control Module : RPM=0
00> [132657] Left switch activated.
00> Blink ON
00> [132716] #2739 OK  7B pri=1 RPMs<-Engine Control Module : RPM=0
00> [132767] 110 since the click [132657], L = 0, R = 1.
00> LT was pressed for 110.
00> Left Side toggle
00> Left side off
00> [132780] #2740 OK  7B pri=1 RPMs<-Engine Control Module : RPM=0
00> [132845] #2741 OK  7B pri=1 RPMs<-Engine Control Module : RPM=0
00> [132878] 110 since the click [132768], L = 1, R = 1.
00> Waiting for a long press [0].
00> [132910] #2742 OK  7B pri=1 RPMs<-Engine Control Module : RPM=0
00> [132941] #2743 OK  5B pri=3 Engine status<-Engine Control Module : 68 FF 10 03 86
00> [132974] #2744 OK  7B pri=1 RPMs<-Engine Control Module : RPM=0
00> [132988] 220 since the click [132768], L = 1, R = 1.
00> Waiting for a long press [1].
00> [133039] #2745 OK  7B pri=1 RPMs<-Engine Control Module : RPM=0
00> [133098] 330 since the click [132768], L = 1, R = 1.
00> Waiting for a long press [2].
00> [133104] #2746 OK  7B pri=1 RPMs<-Engine Control Module : RPM=0
00> [133169] #2747 OK  7B pri=1 RPMs<-Engine Control Module : RPM=0
00> [133208] 440 since the click [132768], L = 1, R = 1.
00> Waiting for a long press [3].
00> [133233] #2748 OK  7B pri=1 RPMs<-Engine Control Module : RPM=0
00> [133298] #2749 OK  7B pri=1 RPMs<-Engine Control Module : RPM=0
00> [133318] 550 since the click [132768], L = 1, R = 1.
00> Waiting for a long press [4].
00> [133330] #2750 OK  5B pri=3 Malfunction Indicator Lamp<-Engine Control Module : MIL=off
00> [133337] #2751 OK  5B pri=6 Security Indicator Lamp<-Instrument Cluster Panel : SIL=off
00> [133363] #2752 OK  7B pri=1 RPMs<-Engine Control Module : RPM=0
00> [133428] #2753 OK  7B pri=1 RPMs<-Engine Control Module : RPM=0
00> [133428] 660 since the click [132768], L = 1, R = 1.
00> Waiting for a long press [5].
00> [133492] #2754 OK  7B pri=1 RPMs<-Engine Control Module : RPM=0
00> [133538] 770 since the click [132768], L = 1, R = 1.
00> Waiting for a long press [6].
00> [133557] #2755 OK  7B pri=1 RPMs<-Engine Control Module : RPM=0
00> [133589] #2756 OK  5B pri=6 Malfunction Indicator Lamp<-Engine Control Module : MIL=off
00> [133601] #2757 OK  5B pri=7 Security Indicator Lamp<-Instrument Cluster Panel : SIL=off
00> [133621] #2758 OK  7B pri=1 RPMs<-Engine Control Module : RPM=0
00> [133648] 880 since the click [132768], L = 1, R = 1.
00> Waiting for a long press [7].
00> [133686] #2759 OK  7B pri=1 RPMs<-Engine Control Module : RPM=0
00> [133729] #2760 OK  5B pri=3 Engine status<-HUD : 68 FF 62 03 35
00> [133751] #2761 OK  7B pri=1 RPMs<-Engine Control Module : RPM=0
00> [133756] #2762 OK  5B pri=3 Engine status<-Instrument Cluster Panel : 68 FF 61 03 E1
00> [133758] 990 since the click [132768], L = 1, R = 1.
00> Waiting for a long press [8].
00> [133816] #2763 OK  7B pri=1 RPMs<-Engine Control Module : RPM=0
00> [133868] 1100 since the click [132768], L = 1, R = 1.
00> Check for a long press.
00> Short press.
00> [133880] #2764 OK  7B pri=1 RPMs<-Engine Control Module : RPM=0
00> [133945] #2765 OK  7B pri=1 RPMs<-Engine Control Module : RPM=0
00> [134010] #2766 OK  7B pri=1 RPMs<-Engine Control Module : RPM=0
00> [134074] #2767 OK  7B pri=1 RPMs<-Engine Control Module : RPM=0
00> [134139] #2768 OK  7B pri=1 RPMs<-Engine Control Module : RPM=0
00> [134204] #2769 OK  7B pri=1 RPMs<-Engine Control Module : RPM=0
00> [134269] #2770 OK  7B pri=1 RPMs<-Engine Control Module : RPM=0
00> [134316] #2771 OK  5B pri=3 Malfunction Indicator Lamp<-Engine Control Module : MIL=off
00> [134324] #2772 OK  5B pri=6 Security Indicator Lamp<-Instrument Cluster Panel : SIL=off
00> [134333] #2773 OK  7B pri=1 RPMs<-Engine Control Module : RPM=0
00> [134398] #2774 OK  7B pri=1 RPMs<-Engine Control Module : RPM=0
00> [134463] #2775 OK  7B pri=1 RPMs<-Engine Control Module : RPM=0
00> [134470] Left switch activated.
00> [134527] #2776 OK  7B pri=1 RPMs<-Engine Control Module : RPM=0
00> [134573] #2777 OK  6B pri=1 Engine status<-Engine Control Module : 28 FF 10 01 07 07
00> [134580] 110 since the click [134470], L = 0, R = 1.
00> LT was pressed for 110.
00> Left Side toggle
00> Right side off
00> Blink OFF
00> [134592] #2778 OK  7B pri=1 RPMs<-Engine Control Module : RPM=0
00> [134623] #2779 OK  5B pri=6 Malfunction Indicator Lamp<-Engine Control Module : MIL=off
00> [134635] #2780 OK  5B pri=7 Security Indicator Lamp<-Instrument Cluster Panel : SIL=off
00> [134657] #2781 OK  7B pri=1 RPMs<-Engine Control Module : RPM=0
00> [134690] 110 since the click [134580], L = 1, R = 1.
00> Waiting for a long press [0].
00> [134721] #2782 OK  7B pri=1 RPMs<-Engine Control Module : RPM=0
00> [134786] #2783 OK  7B pri=1 RPMs<-Engine Control Module : RPM=0
00> [134800] 220 since the click [134580], L = 1, R = 1.
00> Waiting for a long press [1].
00> [134851] #2784 OK  7B pri=1 RPMs<-Engine Control Module : RPM=0
00> [134910] 330 since the click [134580], L = 1, R = 1.
00> Waiting for a long press [2].
00> [134916] #2785 OK  7B pri=1 RPMs<-Engine Control Module : RPM=0
00> [134980] #2786 OK  7B pri=1 RPMs<-Engine Control Module : RPM=0
00> [135012] #2787 OK  5B pri=3 Engine status<-Engine Control Module : 68 FF 10 03 86
00> [135020] 440 since the click [134580], L = 1, R = 1.
00> Waiting for a long press [3].
00> [135045] #2788 OK  7B pri=1 RPMs<-Engine Control Module : RPM=0
00> Blink ON
00> [135110] #2789 OK  7B pri=1 RPMs<-Engine Control Module : RPM=0
00> [135130] 550 since the click [134580], L = 1, R = 1.
00> Waiting for a long press [4].
00> [135174] #2790 OK  7B pri=1 RPMs<-Engine Control Module : RPM=0
00> [135239] #2791 OK  7B pri=1 RPMs<-Engine Control Module : RPM=0
00> [135240] 660 since the click [134580], L = 1, R = 1.
00> Waiting for a long press [5].
00> Blink OFF
00> [135303] #2792 OK  7B pri=1 RPMs<-Engine Control Module : RPM=0
00> [135319] #2793 OK  5B pri=6 Security Indicator Lamp<-Instrument Cluster Panel : SIL=off
00> [135350] 770 since the click [134580], L = 1, R = 1.
00> Waiting for a long press [6].
00> [135368] #2794 OK  7B pri=1 RPMs<-Engine Control Module : RPM=0
00> [135433] #2795 OK  7B pri=1 RPMs<-Engine Control Module : RPM=0
00> [135460] 880 since the click [134580], L = 1, R = 1.
00> Waiting for a long press [7].
00> [135495] Left switch activated.
00> [135498] #2796 OK  7B pri=1 RPMs<-Engine Control Module : RPM=0
00> [135562] #2797 OK  7B pri=1 RPMs<-Engine Control Module : RPM=0
00> [135605] 110 since the click [135495], L = 0, R = 1.
00> Waiting for a long press [8].
00> [135627] #2798 OK  7B pri=1 RPMs<-Engine Control Module : RPM=0
00> [135659] #2799 OK  5B pri=6 Malfunction Indicator Lamp<-Engine Control Module : MIL=off
00> [135669] #2800 OK  5B pri=7 Security Indicator Lamp<-Instrument Cluster Panel : SIL=off
00> [135692] #2801 OK  7B pri=1 RPMs<-Engine Control Module : RPM=0
00> [135715] 220 since the click [135495], L = 1, R = 1.
00> Check for a long press.
00> Short press.
00> [135719] #2802 OK  5B pri=3 Engine status<-HUD : 68 FF 62 03 35
00> [135746] #2803 OK  5B pri=3 Engine status<-Instrument Cluster Panel : 68 FF 61 03 E1
00> [135756] #2804 OK  7B pri=1 RPMs<-Engine Control Module : RPM=0
00> [135821] #2805 OK  7B pri=1 RPMs<-Engine Control Module : RPM=0
00> [135886] #2806 OK  7B pri=1 RPMs<-Engine Control Module : RPM=0
00> [135950] #2807 OK  7B pri=1 RPMs<-Engine Control Module : RPM=0
00> [136015] #2808 OK  7B pri=1 RPMs<-Engine Control Module : RPM=0
00> [136080] #2809 OK  7B pri=1 RPMs<-Engine Control Module : RPM=0
00> [136145] #2810 OK  7B pri=1 RPMs<-Engine Control Module : RPM=0
00> Blink ON
00> [136209] #2811 OK  7B pri=1 RPMs<-Engine Control Module : RPM=0
00> [136274] #2812 OK  7B pri=1 RPMs<-Engine Control Module : RPM=0
00> [136289] #2813 OK  5B pri=3 Malfunction Indicator Lamp<-Engine Control Module : MIL=off
00> [136298] #2814 OK  5B pri=6 Security Indicator Lamp<-Instrument Cluster Panel : SIL=off
00> [136339] #2815 OK  7B pri=1 RPMs<-Engine Control Module : RPM=0
00> Blink OFF
00> [136403] #2816 OK  7B pri=1 RPMs<-Engine Control Module : RPM=0
00> [136468] #2817 OK  7B pri=1 RPMs<-Engine Control Module : RPM=0
00> [136533] #2818 OK  7B pri=1 RPMs<-Engine Control Module : RPM=0
00> [136577] #2819 OK  6B pri=1 Engine status<-Engine Control Module : 28 FF 10 01 07 07
00> [136598] #2820 OK  7B pri=1 RPMs<-Engine Control Module : RPM=0
00> [136662] #2821 OK  7B pri=1 RPMs<-Engine Control Module : RPM=0
00> [136694] #2822 OK  5B pri=6 Malfunction Indicator Lamp<-Engine Control Module : MIL=off
00> [136703] #2823 OK  5B pri=7 Security Indicator Lamp<-Instrument Cluster Panel : SIL=off
00> [136727] #2824 OK  7B pri=1 RPMs<-Engine Control Module : RPM=0
00> [136792] #2825 OK  7B pri=1 RPMs<-Engine Control Module : RPM=0
00> [136856] #2826 OK  7B pri=1 RPMs<-Engine Control Module : RPM=0
00> [136921] #2827 OK  7B pri=1 RPMs<-Engine Control Module : RPM=0
00> [136986] #2828 OK  7B pri=1 RPMs<-Engine Control Module : RPM=0
00> [137050] #2829 OK  7B pri=1 RPMs<-Engine Control Module : RPM=0
00> [137082] #2830 OK  5B pri=3 Engine status<-Engine Control Module : 68 FF 10 03 86
00> [137115] #2831 OK  7B pri=1 RPMs<-Engine Control Module : RPM=0
00> [137180] #2832 OK  7B pri=1 RPMs<-Engine Control Module : RPM=0
00> [137245] #2833 OK  7B pri=1 RPMs<-Engine Control Module : RPM=0
00> [137247] Left switch activated.
00> Blink ON
00> [137276] #2834 OK  5B pri=3 Malfunction Indicator Lamp<-Engine Control Module : MIL=off
00> [137286] #2835 OK  5B pri=6 Security Indicator Lamp<-Instrument Cluster Panel : SIL=off
00> [137309] #2836 OK  7B pri=1 RPMs<-Engine Control Module : RPM=0
00> [137357] 110 since the click [137247], L = 0, R = 1.
00> LT was pressed for 110.
00> Left Side toggle
00> Left side off
00> [137374] #2837 OK  7B pri=1 RPMs<-Engine Control Module : RPM=0
00> [137439] #2838 OK  7B pri=1 RPMs<-Engine Control Module : RPM=0
00> [137467] 110 since the click [137357], L = 1, R = 1.
00> Waiting for a long press [0].
00> [137503] #2839 OK  7B pri=1 RPMs<-Engine Control Module : RPM=0
00> [137568] #2840 OK  7B pri=1 RPMs<-Engine Control Module : RPM=0
00> [137577] 220 since the click [137357], L = 1, R = 1.
00> Waiting for a long press [1].
00> [137632] #2841 OK  7B pri=1 RPMs<-Engine Control Module : RPM=0
00> [137687] 330 since the click [137357], L = 1, R = 1.
00> Waiting for a long press [2].
00> [137697] #2842 OK  7B pri=1 RPMs<-Engine Control Module : RPM=0
00> [137709] #2843 OK  5B pri=3 Engine status<-HUD : 68 FF 62 03 35
00> [137729] #2844 OK  5B pri=6 Malfunction Indicator Lamp<-Engine Control Module : MIL=off
00> [137736] #2845 OK  5B pri=7 Security Indicator Lamp<-Instrument Cluster Panel : SIL=off
00> [137744] #2846 OK  5B pri=3 Engine status<-Instrument Cluster Panel : 68 FF 61 03 E1
00> [137762] #2847 OK  7B pri=1 RPMs<-Engine Control Module : RPM=0
00> [137797] 440 since the click [137357], L = 1, R = 1.
00> Waiting for a long press [3].
00> [137827] #2848 OK  7B pri=1 RPMs<-Engine Control Module : RPM=0
00> [137891] #2849 OK  7B pri=1 RPMs<-Engine Control Module : RPM=0
00> [137907] 550 since the click [137357], L = 1, R = 1.
00> Waiting for a long press [4].
00> [137956] #2850 OK  7B pri=1 RPMs<-Engine Control Module : RPM=0
00> [138017] 660 since the click [137357], L = 1, R = 1.
00> Waiting for a long press [5].
00> [138021] #2851 OK  7B pri=1 RPMs<-Engine Control Module : RPM=0
00> [138085] #2852 OK  7B pri=1 RPMs<-Engine Control Module : RPM=0
00> [138127] 770 since the click [137357], L = 1, R = 1.
00> Waiting for a long press [6].
00> [138150] #2853 OK  7B pri=1 RPMs<-Engine Control Module : RPM=0
00> [138215] #2854 OK  7B pri=1 RPMs<-Engine Control Module : RPM=0
00> [138237] 880 since the click [137357], L = 1, R = 1.
00> Waiting for a long press [7].
00> [138263] #2855 OK  5B pri=3 Malfunction Indicator Lamp<-Engine Control Module : MIL=off
00> [138273] #2856 OK  5B pri=6 Security Indicator Lamp<-Instrument Cluster Panel : SIL=off
00> [138280] #2857 OK  7B pri=1 RPMs<-Engine Control Module : RPM=0
00> [138344] #2858 OK  7B pri=1 RPMs<-Engine Control Module : RPM=0
00> [138347] 990 since the click [137357], L = 1, R = 1.
00> Waiting for a long press [8].
00> [138348] Left switch activated.
00> [138409] #2859 OK  7B pri=1 RPMs<-Engine Control Module : RPM=0
00> [138458] 110 since the click [138348], L = 0, R = 1.
00> Check for a long press.
00> Long press detected after 110ms.
00> [138473] #2860 OK  7B pri=1 RPMs<-Engine Control Module : RPM=0
00> [138538] #2861 OK  7B pri=1 RPMs<-Engine Control Module : RPM=0
00> [138581] #2862 OK  6B pri=1 Engine status<-Engine Control Module : 28 FF 10 01 07 07
00> [138603] #2863 OK  7B pri=1 RPMs<-Engine Control Module : RPM=0
00> [138668] #2864 OK  7B pri=1 RPMs<-Engine Control Module : RPM=0
00> [138732] #2865 OK  7B pri=1 RPMs<-Engine Control Module : RPM=0
00> [138764] #2866 OK  5B pri=6 Malfunction Indicator Lamp<-Engine Control Module : MIL=off
00> [138770] #2867 OK  5B pri=7 Security Indicator Lamp<-Instrument Cluster Panel : SIL=off
00> [138797] #2868 OK  7B pri=1 RPMs<-Engine Control Module : RPM=0
00> [138862] #2869 OK  7B pri=1 RPMs<-Engine Control Module : RPM=0
00> [138926] #2870 OK  7B pri=1 RPMs<-Engine Control Module : RPM=0
00> [138991] #2871 OK  7B pri=1 RPMs<-Engine Control Module : RPM=0
00> [139056] #2872 OK  7B pri=1 RPMs<-Engine Control Module : RPM=0
00> [139121] #2873 OK  7B pri=1 RPMs<-Engine Control Module : RPM=0
00> [139152] #2874 OK  5B pri=3 Engine status<-Engine Control Module : 68 FF 10 03 86
00> [139185] #2875 OK  7B pri=1 RPMs<-Engine Control Module : RPM=0
00> [139250] #2876 OK  7B pri=1 RPMs<-Engine Control Module : RPM=0
00> [139261] #2877 OK  5B pri=6 Security Indicator Lamp<-Instrument Cluster Panel : SIL=off
00> [139314] #2878 OK  7B pri=1 RPMs<-Engine Control Module : RPM=0
00> [139379] #2879 OK  7B pri=1 RPMs<-Engine Control Module : RPM=0
00> [139444] #2880 OK  7B pri=1 RPMs<-Engine Control Module : RPM=0
00> [139509] #2881 OK  7B pri=1 RPMs<-Engine Control Module : RPM=0
00> [139573] #2882 OK  7B pri=1 RPMs<-Engine Control Module : RPM=0
00> [139638] #2883 OK  7B pri=1 RPMs<-Engine Control Module : RPM=0
00> [139686] Left switch activated.
00> [139698] #2884 OK  5B pri=3 Engine status<-HUD : 68 FF 62 03 35
00> [139726] #2885 OK  5B pri=3 Engine status<-Instrument Cluster Panel : 68 FF 61 03 E1
00> [139767] #2886 OK  7B pri=1 RPMs<-Engine Control Module : RPM=0
00> [139796] 110 since the click [139686], L = 0, R = 1.
00> LT was pressed for 110.
00> Left Side toggle
00> Right side off
00> Blink OFF
00> [139799] #2887 OK  5B pri=6 Malfunction Indicator Lamp<-Engine Control Module : MIL=off
00> [139812] #2888 OK  5B pri=7 Security Indicator Lamp<-Instrument Cluster Panel : SIL=off
00> [139832] #2889 OK  7B pri=1 RPMs<-Engine Control Module : RPM=0
00> [139897] #2890 OK  7B pri=1 RPMs<-Engine Control Module : RPM=0
00> [139906] 110 since the click [139796], L = 1, R = 1.
00> Waiting for a long press [0].
00> [139962] #2891 OK  7B pri=1 RPMs<-Engine Control Module : RPM=0
00> [140016] 220 since the click [139796], L = 1, R = 1.
00> Waiting for a long press [1].
00> [140026] #2892 OK  7B pri=1 RPMs<-Engine Control Module : RPM=0
00> [140091] #2893 OK  7B pri=1 RPMs<-Engine Control Module : RPM=0
00> [140126] 330 since the click [139796], L = 1, R = 1.
00> Waiting for a long press [2].
00> [140155] #2894 OK  7B pri=1 RPMs<-Engine Control Module : RPM=0
00> [140220] #2895 OK  7B pri=1 RPMs<-Engine Control Module : RPM=0
00> [140235] #2896 OK  5B pri=3 Malfunction Indicator Lamp<-Engine Control Module : MIL=off
00> [140236] 440 since the click [139796], L = 1, R = 1.
00> Waiting for a long press [3].
00> [140247] #2897 OK  5B pri=6 Security Indicator Lamp<-Instrument Cluster Panel : SIL=off
00> [140285] #2898 OK  7B pri=1 RPMs<-Engine Control Module : RPM=0
00> Blink ON
00> [140340] Periodic SIL clear -> IPC
00> [140346] 550 since the click [139796], L = 1, R = 1.
00> Waiting for a long press [4].
00> [140350] #2899 OK  7B pri=1 RPMs<-Engine Control Module : RPM=0
00> [140414] #2900 OK  7B pri=1 RPMs<-Engine Control Module : RPM=0
00> [140456] 660 since the click [139796], L = 1, R = 1.
00> Waiting for a long press [5].
00> [140479] #2901 OK  7B pri=1 RPMs<-Engine Control Module : RPM=0
00> Blink OFF
00> [140544] #2902 OK  7B pri=1 RPMs<-Engine Control Module : RPM=0
00> [140566] 770 since the click [139796], L = 1, R = 1.
00> Waiting for a long press [6].
00> [140586] #2903 OK  6B pri=1 Engine status<-Engine Control Module : 28 FF 10 01 07 07
00> [140608] #2904 OK  7B pri=1 RPMs<-Engine Control Module : RPM=0
00> [140673] #2905 OK  7B pri=1 RPMs<-Engine Control Module : RPM=0
00> [140676] 880 since the click [139796], L = 1, R = 1.
00> Waiting for a long press [7].
00> [140738] #2906 OK  7B pri=1 RPMs<-Engine Control Module : RPM=0
00> [140786] 990 since the click [139796], L = 1, R = 1.
00> Waiting for a long press [8].
00> [140803] #2907 OK  7B pri=1 RPMs<-Engine Control Module : RPM=0
00> [140834] #2908 OK  5B pri=6 Malfunction Indicator Lamp<-Engine Control Module : MIL=off
00> [140846] #2909 OK  5B pri=7 Security Indicator Lamp<-Instrument Cluster Panel : SIL=off
00> [140867] #2910 OK  7B pri=1 RPMs<-Engine Control Module : RPM=0
00> [140896] 1100 since the click [139796], L = 1, R = 1.
00> Check for a long press.
00> Short press.
00> [140932] #2911 OK  7B pri=1 RPMs<-Engine Control Module : RPM=0
00> [140997] #2912 OK  7B pri=1 RPMs<-Engine Control Module : RPM=0
00> [141005] Left switch activated.
00> [141061] #2913 OK  7B pri=1 RPMs<-Engine Control Module : RPM=0
00> [141115] 110 since the click [141005], L = 0, R = 1.
00> LT was pressed for 110.
00> Left Side toggle
00> Left side off
00> [141126] #2914 OK  7B pri=1 RPMs<-Engine Control Module : RPM=0
00> [141190] #2915 OK  7B pri=1 RPMs<-Engine Control Module : RPM=0
00> [141222] #2916 OK  5B pri=3 Engine status<-Engine Control Module : 68 FF 10 03 86
00> [141225] 110 since the click [141115], L = 0, R = 1.
00> Waiting for a long press [0].
00> [141235] #2917 OK  5B pri=6 Security Indicator Lamp<-Instrument Cluster Panel : SIL=off
00> [141255] #2918 OK  7B pri=1 RPMs<-Engine Control Module : RPM=0
00> [141320] #2919 OK  7B pri=1 RPMs<-Engine Control Module : RPM=0
00> [141335] 220 since the click [141115], L = 0, R = 1.
00> Waiting for a long press [1].
00> [141385] #2920 OK  7B pri=1 RPMs<-Engine Control Module : RPM=0
00> [141445] 330 since the click [141115], L = 1, R = 1.
00> Waiting for a long press [2].
00> [141449] #2921 OK  7B pri=1 RPMs<-Engine Control Module : RPM=0
00> [141514] #2922 OK  7B pri=1 RPMs<-Engine Control Module : RPM=0
00> [141555] 440 since the click [141115], L = 1, R = 1.
00> Waiting for a long press [3].
00> [141579] #2923 OK  7B pri=1 RPMs<-Engine Control Module : RPM=0
00> [141643] #2924 OK  7B pri=1 RPMs<-Engine Control Module : RPM=0
00> [141665] 550 since the click [141115], L = 1, R = 1.
00> Waiting for a long press [4].
00> [141688] #2925 OK  5B pri=3 Engine status<-HUD : 68 FF 62 03 35
00> [141708] #2926 OK  7B pri=1 RPMs<-Engine Control Module : RPM=0
00> [141716] #2927 OK  5B pri=3 Engine status<-Instrument Cluster Panel : 68 FF 61 03 E1
00> [141773] #2928 OK  7B pri=1 RPMs<-Engine Control Module : RPM=0
00> [141775] 660 since the click [141115], L = 1, R = 1.
00> Waiting for a long press [5].
00> [141838] #2929 OK  7B pri=1 RPMs<-Engine Control Module : RPM=0
00> [141869] #2930 OK  5B pri=6 Malfunction Indicator Lamp<-Engine Control Module : MIL=off
00> [141879] #2931 OK  5B pri=7 Security Indicator Lamp<-Instrument Cluster Panel : SIL=off
00> [141885] 770 since the click [141115], L = 1, R = 1.
00> Waiting for a long press [6].
00> [141902] #2932 OK  7B pri=1 RPMs<-Engine Control Module : RPM=0
00> [141967] #2933 OK  8B pri=3 Scanner<-Engine Control Module : DTC reply src=0x10
00> [141995] 880 since the click [141115], L = 1, R = 1.
00> Waiting for a long press [7].
00> [142032] #2934 OK  7B pri=1 RPMs<-Engine Control Module : RPM=0
00> [142096] #2935 OK  7B pri=1 RPMs<-Engine Control Module : RPM=0
00> [142105] 990 since the click [141115], L = 1, R = 1.
00> Waiting for a long press [8].
00> [142209] #2937 OK  5B pri=3 Malfunction Indicator Lamp<-Engine Control Module : MIL=off
00> [142215] 1100 since the click [141115], L = 1, R = 1.
00> Check for a long press.
00> Short press.
00> [142221] #2938 OK  5B pri=6 Security Indicator Lamp<-Instrument Cluster Panel : SIL=off
00> [142291] #2939 OK  7B pri=1 RPMs<-Engine Control Module : RPM=0
00> [142355] #2940 OK  7B pri=1 RPMs<-Engine Control Module : RPM=0
00> [142420] #2941 OK  7B pri=1 RPMs<-Engine Control Module : RPM=0
00> [142435] Left switch activated.
00> [142485] #2942 OK  7B pri=1 RPMs<-Engine Control Module : RPM=0
00> [142545] 110 since the click [142435], L = 0, R = 1.
00> LT was pressed for 110.
00> Left Side toggle
00> Right side off
00> [142549] #2943 OK  7B pri=1 RPMs<-Engine Control Module : RPM=0
00> [142590] #2944 OK  6B pri=1 Engine status<-Engine Control Module : 28 FF 10 01 07 07
00> [142614] #2945 OK  7B pri=1 RPMs<-Engine Control Module : RPM=0
00> [142655] 110 since the click [142545], L = 1, R = 1.
00> Waiting for a long press [0].
00> [142679] #2946 OK  7B pri=1 RPMs<-Engine Control Module : RPM=0
00> [142743] #2947 OK  7B pri=1 RPMs<-Engine Control Module : RPM=0
00> [142765] 220 since the click [142545], L = 1, R = 1.
00> Waiting for a long press [1].
00> Blink ON
00> [142808] #2948 OK  7B pri=1 RPMs<-Engine Control Module : RPM=0
00> [142873] #2949 OK  7B pri=1 RPMs<-Engine Control Module : RPM=0
00> [142875] 330 since the click [142545], L = 1, R = 1.
00> Waiting for a long press [2].
00> [142904] #2950 OK  5B pri=6 Malfunction Indicator Lamp<-Engine Control Module : MIL=off
00> [142913] #2951 OK  5B pri=7 Security Indicator Lamp<-Instrument Cluster Panel : SIL=off
00> [142937] #2952 OK  7B pri=1 RPMs<-Engine Control Module : RPM=0
00> [142985] 440 since the click [142545], L = 1, R = 1.
00> Waiting for a long press [3].
00> [143002] #2953 OK  7B pri=1 RPMs<-Engine Control Module : RPM=0
00> Blink OFF
00> [143067] #2954 OK  7B pri=1 RPMs<-Engine Control Module : RPM=0
00> [143095] 550 since the click [142545], L = 1, R = 1.
00> Waiting for a long press [4].
00> [143131] #2955 OK  7B pri=1 RPMs<-Engine Control Module : RPM=0
00> [143196] #2956 OK  7B pri=1 RPMs<-Engine Control Module : RPM=0
00> [143205] 660 since the click [142545], L = 1, R = 1.
00> Waiting for a long press [5].
00> [143209] #2957 OK  5B pri=6 Security Indicator Lamp<-Instrument Cluster Panel : SIL=off
00> [143261] #2958 OK  7B pri=1 RPMs<-Engine Control Module : RPM=0
00> [143292] #2959 OK  5B pri=3 Engine status<-Engine Control Module : 68 FF 10 03 86
00> [143315] 770 since the click [142545], L = 1, R = 1.
00> Waiting for a long press [6].
00> [143326] #2960 OK  7B pri=1 RPMs<-Engine Control Module : RPM=0
00> [143390] #2961 OK  7B pri=1 RPMs<-Engine Control Module : RPM=0
00> [143425] 880 since the click [142545], L = 1, R = 1.
00> Waiting for a long press [7].
00> [143455] #2962 OK  7B pri=1 RPMs<-Engine Control Module : RPM=0
00> [143520] #2963 OK  7B pri=1 RPMs<-Engine Control Module : RPM=0
00> [143535] 990 since the click [142545], L = 1, R = 1.
00> Waiting for a long press [8].
00> [143584] #2964 OK  7B pri=1 RPMs<-Engine Control Module : RPM=0
00> [143645] 1100 since the click [142545], L = 1, R = 1.
00> Check for a long press.
00> Short press.
00> [143649] #2965 OK  7B pri=1 RPMs<-Engine Control Module : RPM=0
00> [143678] #2966 OK  5B pri=3 Engine status<-HUD : 68 FF 62 03 35
00> [143705] #2967 OK  5B pri=3 Engine status<-Instrument Cluster Panel : 68 FF 61 03 E1
00> [143714] #2968 OK  7B pri=1 RPMs<-Engine Control Module : RPM=0
00> [143778] #2969 OK  7B pri=1 RPMs<-Engine Control Module : RPM=0
00> [143843] #2970 OK  7B pri=1 RPMs<-Engine Control Module : RPM=0
00> Blink ON
00> [143908] #2971 OK  7B pri=1 RPMs<-Engine Control Module : RPM=0
00> [143940] #2972 OK  5B pri=6 Malfunction Indicator Lamp<-Engine Control Module : MIL=off
00> [143947] #2973 OK  5B pri=7 Security Indicator Lamp<-Instrument Cluster Panel : SIL=off
00> [143973] #2974 OK  7B pri=1 RPMs<-Engine Control Module : RPM=0
00> [144037] #2975 OK  7B pri=1 RPMs<-Engine Control Module : RPM=0
00> Blink OFF
00> [144102] #2976 OK  7B pri=1 RPMs<-Engine Control Module : RPM=0
00> [144167] #2977 OK  7B pri=1 RPMs<-Engine Control Module : RPM=0
00> [144182] #2978 OK  5B pri=3 Malfunction Indicator Lamp<-Engine Control Module : MIL=off
00> [144188] #2979 OK  5B pri=6 Security Indicator Lamp<-Instrument Cluster Panel : SIL=off
00> [144231] #2980 OK  7B pri=1 RPMs<-Engine Control Module : RPM=0
00> [144296] #2981 OK  7B pri=1 RPMs<-Engine Control Module : RPM=0
00> [144361] #2982 OK  7B pri=1 RPMs<-Engine Control Module : RPM=0
00> [144426] #2983 OK  7B pri=1 RPMs<-Engine Control Module : RPM=0
00> [144490] #2984 OK  7B pri=1 RPMs<-Engine Control Module : RPM=0
00> [144555] #2985 OK  7B pri=1 RPMs<-Engine Control Module : RPM=0
00> [144594] #2986 OK  6B pri=1 Engine status<-Engine Control Module : 28 FF 10 01 07 07
00> [144620] #2987 OK  7B pri=1 RPMs<-Engine Control Module : RPM=0
00> [144684] #2988 OK  7B pri=1 RPMs<-Engine Control Module : RPM=0
00> [144749] #2989 OK  7B pri=1 RPMs<-Engine Control Module : RPM=0
00> [144814] #2990 OK  7B pri=1 RPMs<-Engine Control Module : RPM=0
00> [144879] #2991 OK  7B pri=1 RPMs<-Engine Control Module : RPM=0
00> [144943] #2992 OK  7B pri=1 RPMs<-Engine Control Module : RPM=0
00> [144975] #2993 OK  5B pri=6 Malfunction Indicator Lamp<-Engine Control Module : MIL=off
00> [144981] #2994 OK  5B pri=7 Security Indicator Lamp<-Instrument Cluster Panel : SIL=off
00> Blink ON
00> [145008] #2995 OK  7B pri=1 RPMs<-Engine Control Module : RPM=0
00> [145072] #2996 OK  7B pri=1 RPMs<-Engine Control Module : RPM=0
00> [145137] #2997 OK  7B pri=1 RPMs<-Engine Control Module : RPM=0
00> [145169] #2998 OK  5B pri=3 Malfunction Indicator Lamp<-Engine Control Module : MIL=off
00> [145175] #2999 OK  5B pri=6 Security Indicator Lamp<-Instrument Cluster Panel : SIL=off
00> Blink OFF
00> [145202] #3000 OK  7B pri=1 RPMs<-Engine Control Module : RPM=0
00> [145267] #3001 OK  7B pri=1 RPMs<-Engine Control Module : RPM=0
00> [145331] #3002 OK  7B pri=1 RPMs<-Engine Control Module : RPM=0
00> [145362] #3003 OK  5B pri=3 Engine status<-Engine Control Module : 68 FF 10 03 86
00> [145396] #3004 OK  7B pri=1 RPMs<-Engine Control Module : RPM=0
00> [145461] #3005 OK  7B pri=1 RPMs<-Engine Control Module : RPM=0
00> [145525] #3006 OK  7B pri=1 RPMs<-Engine Control Module : RPM=0
00> [145590] #3007 OK  7B pri=1 RPMs<-Engine Control Module : RPM=0
00> [145655] #3008 OK  7B pri=1 RPMs<-Engine Control Module : RPM=0
00> [145668] #3009 OK  5B pri=3 Engine status<-HUD : 68 FF 62 03 35
00> [145695] #3010 OK  5B pri=3 Engine status<-Instrument Cluster Panel : 68 FF 61 03 E1
00> [145719] #3011 OK  7B pri=1 RPMs<-Engine Control Module : RPM=0
00> [145784] #3012 OK  7B pri=1 RPMs<-Engine Control Module : RPM=0
00> [145849] #3013 OK  7B pri=1 RPMs<-Engine Control Module : RPM=0
00> [145913] #3014 OK  7B pri=1 RPMs<-Engine Control Module : RPM=0
00> [145978] #3015 OK  7B pri=1 RPMs<-Engine Control Module : RPM=0
00> [146010] #3016 OK  5B pri=6 Malfunction Indicator Lamp<-Engine Control Module : MIL=off
00> [146023] #3017 OK  5B pri=7 Security Indicator Lamp<-Instrument Cluster Panel : SIL=off
00> [146043] #3018 OK  7B pri=1 RPMs<-Engine Control Module : RPM=0
00> Blink ON
00> [146108] #3019 OK  7B pri=1 RPMs<-Engine Control Module : RPM=0
00> [146155] #3020 OK  5B pri=3 Malfunction Indicator Lamp<-Engine Control Module : MIL=off
00> [146163] #3021 OK  5B pri=6 Security Indicator Lamp<-Instrument Cluster Panel : SIL=off
00> [146172] #3022 OK  7B pri=1 RPMs<-Engine Control Module : RPM=0
00> [146181] Left switch activated.
00> [146237] #3023 OK  7B pri=1 RPMs<-Engine Control Module : RPM=0
00> Blink OFF
00> [146291] 110 since the click [146181], L = 0, R = 1.
00> LT was pressed for 110.
00> Left Side toggle
00> Left side off
00> [146302] #3024 OK  7B pri=1 RPMs<-Engine Control Module : RPM=0
00> [146366] #3025 OK  7B pri=1 RPMs<-Engine Control Module : RPM=0
00> [146401] 110 since the click [146291], L = 0, R = 1.
00> Waiting for a long press [0].
00> [146431] #3026 OK  7B pri=1 RPMs<-Engine Control Module : RPM=0
00> [146496] #3027 OK  7B pri=1 RPMs<-Engine Control Module : RPM=0
00> [146511] 220 since the click [146291], L = 1, R = 1.
00> Waiting for a long press [1].
00> [146560] #3028 OK  7B pri=1 RPMs<-Engine Control Module : RPM=0
00> [146598] #3029 OK  6B pri=1 Engine status<-Engine Control Module : 28 FF 10 01 07 07
00> [146621] 330 since the click [146291], L = 1, R = 1.
00> Waiting for a long press [2].
00> [146625] #3030 OK  7B pri=1 RPMs<-Engine Control Module : RPM=0
00> [146690] #3031 OK  7B pri=1 RPMs<-Engine Control Module : RPM=0
00> [146731] 440 since the click [146291], L = 1, R = 1.
00> Waiting for a long press [3].
00> [146754] #3032 OK  7B pri=1 RPMs<-Engine Control Module : RPM=0
00> [146819] #3033 OK  7B pri=1 RPMs<-Engine Control Module : RPM=0
00> [146841] 550 since the click [146291], L = 1, R = 1.
00> Waiting for a long press [4].
00> [146884] #3034 OK  7B pri=1 RPMs<-Engine Control Module : RPM=0
00> [146949] #3035 OK  7B pri=1 RPMs<-Engine Control Module : RPM=0
00> [146951] 660 since the click [146291], L = 1, R = 1.
00> Waiting for a long press [5].
00> [147013] #3036 OK  7B pri=1 RPMs<-Engine Control Module : RPM=0
00> [147045] #3037 OK  5B pri=6 Malfunction Indicator Lamp<-Engine Control Module : MIL=off
00> [147056] #3038 OK  5B pri=7 Security Indicator Lamp<-Instrument Cluster Panel : SIL=off
00> [147061] 770 since the click [146291], L = 1, R = 1.
00> Waiting for a long press [6].
00> [147078] #3039 OK  7B pri=1 RPMs<-Engine Control Module : RPM=0
00> [147143] #3040 OK  7B pri=1 RPMs<-Engine Control Module : RPM=0
00> [147157] #3041 OK  5B pri=6 Security Indicator Lamp<-Instrument Cluster Panel : SIL=off
00> [147171] 880 since the click [146291], L = 1, R = 1.
00> Waiting for a long press [7].
00> [147207] #3042 OK  7B pri=1 RPMs<-Engine Control Module : RPM=0
00> [147272] #3043 OK  7B pri=1 RPMs<-Engine Control Module : RPM=0
00> [147281] 990 since the click [146291], L = 1, R = 1.
00> Waiting for a long press [8].
00> [147337] #3044 OK  7B pri=1 RPMs<-Engine Control Module : RPM=0
00> [147391] 1100 since the click [146291], L = 1, R = 1.
00> Check for a long press.
00> Short press.
00> [147401] #3045 OK  7B pri=1 RPMs<-Engine Control Module : RPM=0
00> [147433] #3046 OK  5B pri=3 Engine status<-Engine Control Module : 68 FF 10 03 86
00> [147466] #3047 OK  7B pri=1 RPMs<-Engine Control Module : RPM=0
00> [147531] #3048 OK  7B pri=1 RPMs<-Engine Control Module : RPM=0
00> [147595] #3049 OK  7B pri=1 RPMs<-Engine Control Module : RPM=0
00> [147658] #3050 OK  5B pri=3 Engine status<-HUD : 68 FF 62 03 35
00> [147685] #3051 OK  5B pri=3 Engine status<-Instrument Cluster Panel : 68 FF 61 03 E1
00> [147725] #3052 OK  7B pri=1 RPMs<-Engine Control Module : RPM=0
00> [147741] Left switch activated.
00> [147790] #3053 OK  7B pri=1 RPMs<-Engine Control Module : RPM=0
00> [147851] 110 since the click [147741], L = 0, R = 1.
00> LT was pressed for 110.
00> Left Side toggle
00> Right side off
00> [147854] #3054 OK  7B pri=1 RPMs<-Engine Control Module : RPM=0
00> [147919] #3055 OK  7B pri=1 RPMs<-Engine Control Module : RPM=0
00> [147962] 110 since the click [147852], L = 1, R = 1.
00> Waiting for a long press [0].
00> [147984] #3056 OK  7B pri=1 RPMs<-Engine Control Module : RPM=0
00> [148048] #3057 OK  7B pri=1 RPMs<-Engine Control Module : RPM=0
00> [148072] 220 since the click [147852], L = 1, R = 1.
00> Waiting for a long press [1].
00> [148080] #3058 OK  5B pri=6 Malfunction Indicator Lamp<-Engine Control Module : MIL=off
00> [148090] #3059 OK  5B pri=7 Security Indicator Lamp<-Instrument Cluster Panel : SIL=off
00> [148113] #3060 OK  7B pri=1 RPMs<-Engine Control Module : RPM=0
00> [148128] #3061 OK  5B pri=3 Malfunction Indicator Lamp<-Engine Control Module : MIL=off
00> [148137] #3062 OK  5B pri=6 Security Indicator Lamp<-Instrument Cluster Panel : SIL=off
00> [148178] #3063 OK  7B pri=1 RPMs<-Engine Control Module : RPM=0
00> [148182] 330 since the click [147852], L = 1, R = 1.
00> Waiting for a long press [2].
00> [148242] #3064 OK  7B pri=1 RPMs<-Engine Control Module : RPM=0
00> [148292] 440 since the click [147852], L = 1, R = 1.
00> Waiting for a long press [3].
00> [148307] #3065 OK  7B pri=1 RPMs<-Engine Control Module : RPM=0
00> Blink ON
00> [148372] #3066 OK  7B pri=1 RPMs<-Engine Control Module : RPM=0
00> [148402] 550 since the click [147852], L = 1, R = 1.
00> Waiting for a long press [4].
00> [148436] #3067 OK  7B pri=1 RPMs<-Engine Control Module : RPM=0
00> [148501] #3068 OK  7B pri=1 RPMs<-Engine Control Module : RPM=0
00> [148512] 660 since the click [147852], L = 1, R = 1.
00> Waiting for a long press [5].
00> Blink OFF
00> [148566] #3069 OK  7B pri=1 RPMs<-Engine Control Module : RPM=0
00> [148601] #3070 OK  6B pri=1 Engine status<-Engine Control Module : 28 FF 10 01 07 07
00> [148622] 770 since the click [147852], L = 1, R = 1.
00> Waiting for a long press [6].
00> [148631] #3071 OK  7B pri=1 RPMs<-Engine Control Module : RPM=0
00> [148695] #3072 OK  7B pri=1 RPMs<-Engine Control Module : RPM=0
00> [148732] 880 since the click [147852], L = 1, R = 1.
00> Waiting for a long press [7].
00> [148760] #3073 OK  7B pri=1 RPMs<-Engine Control Module : RPM=0
00> [148825] #3074 OK  7B pri=1 RPMs<-Engine Control Module : RPM=0
00> [148842] 990 since the click [147852], L = 1, R = 1.
00> Waiting for a long press [8].
00> [148889] #3075 OK  7B pri=1 RPMs<-Engine Control Module : RPM=0
00> [148952] 1100 since the click [147852], L = 1, R = 1.
00> Check for a long press.
00> Short press.
00> [148954] #3076 OK  7B pri=1 RPMs<-Engine Control Module : RPM=0
00> [149019] #3077 OK  7B pri=1 RPMs<-Engine Control Module : RPM=0
00> [149083] #3078 OK  7B pri=1 RPMs<-Engine Control Module : RPM=0
00> [149115] #3079 OK  5B pri=6 Malfunction Indicator Lamp<-Engine Control Module : MIL=off
00> [149121] Left switch activated.
00> [149124] #3080 OK  5B pri=7 Security Indicator Lamp<-Instrument Cluster Panel : SIL=off
00> [149132] #3081 OK  5B pri=6 Security Indicator Lamp<-Instrument Cluster Panel : SIL=off
00> [149148] #3082 OK  7B pri=1 RPMs<-Engine Control Module : RPM=0
00> [149213] #3083 OK  7B pri=1 RPMs<-Engine Control Module : RPM=0
00> [149231] 110 since the click [149121], L = 0, R = 1.
00> LT was pressed for 110.
00> Left Side toggle
00> Left side off
00> [149277] #3084 OK  7B pri=1 RPMs<-Engine Control Module : RPM=0
00> [149341] 109 since the click [149232], L = 1, R = 1.
00> Waiting for a long press [0].
00> [149342] #3085 OK  7B pri=1 RPMs<-Engine Control Module : RPM=0
00> [149407] #3086 OK  7B pri=1 RPMs<-Engine Control Module : RPM=0
00> [149451] 219 since the click [149232], L = 1, R = 1.
00> Waiting for a long press [1].
00> [149472] #3087 OK  7B pri=1 RPMs<-Engine Control Module : RPM=0
00> [149503] #3088 OK  5B pri=3 Engine status<-Engine Control Module : 68 FF 10 03 86
00> [149536] #3089 OK  7B pri=1 RPMs<-Engine Control Module : RPM=0
00> [149561] 329 since the click [149232], L = 1, R = 1.
00> Waiting for a long press [2].
00> [149601] #3090 OK  7B pri=1 RPMs<-Engine Control Module : RPM=0
00> [149648] #3091 OK  5B pri=3 Engine status<-HUD : 68 FF 62 03 35
00> [149666] #3092 OK  7B pri=1 RPMs<-Engine Control Module : RPM=0
00> [149671] 439 since the click [149232], L = 1, R = 1.
00> Waiting for a long press [3].
00> [149676] #3093 OK  5B pri=3 Engine status<-Instrument Cluster Panel : 68 FF 61 03 E1
00> [149730] #3094 OK  7B pri=1 RPMs<-Engine Control Module : RPM=0
00> [149781] 549 since the click [149232], L = 1, R = 1.
00> Waiting for a long press [4].
00> [149795] #3095 OK  7B pri=1 RPMs<-Engine Control Module : RPM=0
00> [149860] #3096 OK  7B pri=1 RPMs<-Engine Control Module : RPM=0
00> [149891] 659 since the click [149232], L = 1, R = 1.
00> Waiting for a long press [5].
00> [149924] #3097 OK  7B pri=1 RPMs<-Engine Control Module : RPM=0
00> [149989] #3098 OK  7B pri=1 RPMs<-Engine Control Module : RPM=0
00> [150001] 769 since the click [149232], L = 1, R = 1.
00> Waiting for a long press [6].
00> [150054] #3099 OK  7B pri=1 RPMs<-Engine Control Module : RPM=0
00> [150101] #3100 OK  5B pri=3 Malfunction Indicator Lamp<-Engine Control Module : MIL=off
00> [150111] #3101 OK  5B pri=6 Security Indicator Lamp<-Instrument Cluster Panel : SIL=off
00> [150112] 880 since the click [149232], L = 1, R = 1.
00> Waiting for a long press [7].
00> [150119] #3102 OK  7B pri=1 RPMs<-Engine Control Module : RPM=0
00> [150150] #3103 OK  5B pri=6 Malfunction Indicator Lamp<-Engine Control Module : MIL=off
00> [150158] #3104 OK  5B pri=7 Security Indicator Lamp<-Instrument Cluster Panel : SIL=off
00> [150183] #3105 OK  7B pri=1 RPMs<-Engine Control Module : RPM=0
00> [150221] 989 since the click [149232], L = 1, R = 1.
00> Waiting for a long press [8].
00> [150248] #3106 OK  7B pri=1 RPMs<-Engine Control Module : RPM=0
00> [150313] #3107 OK  7B pri=1 RPMs<-Engine Control Module : RPM=0
00> [150331] 1099 since the click [149232], L = 1, R = 1.
00> Check for a long press.
00> Short press.
00> [150344] Periodic SIL clear -> IPC
00> [150377] #3108 OK  7B pri=1 RPMs<-Engine Control Module : RPM=0
00> [150442] #3109 OK  7B pri=1 RPMs<-Engine Control Module : RPM=0
00> [150507] #3110 OK  7B pri=1 RPMs<-Engine Control Module : RPM=0
00> [150572] #3111 OK  7B pri=1 RPMs<-Engine Control Module : RPM=0
00> [150605] #3112 OK  6B pri=1 Engine status<-Engine Control Module : 28 FF 10 01 07 07
00> [150636] #3113 OK  7B pri=1 RPMs<-Engine Control Module : RPM=0
00> [150701] #3114 OK  7B pri=1 RPMs<-Engine Control Module : RPM=0
00> [150766] #3115 OK  7B pri=1 RPMs<-Engine Control Module : RPM=0
00> [150830] #3116 OK  7B pri=1 RPMs<-Engine Control Module : RPM=0
00> [150895] #3117 OK  7B pri=1 RPMs<-Engine Control Module : RPM=0
00> [150959] #3118 OK  7B pri=1 RPMs<-Engine Control Module : RPM=0
00> [151024] #3119 OK  7B pri=1 RPMs<-Engine Control Module : RPM=0
00> [151074] Left switch activated.
00> [151089] #3120 OK  7B pri=1 RPMs<-Engine Control Module : RPM=0
00> [151106] #3121 OK  5B pri=6 Security Indicator Lamp<-Instrument Cluster Panel : SIL=off
00> [151154] #3122 OK  7B pri=1 RPMs<-Engine Control Module : RPM=0
00> [151184] 110 since the click [151074], L = 0, R = 1.
00> LT was pressed for 110.
00> Left Side toggle
00> Right side off
00> [151185] #3123 OK  5B pri=6 Malfunction Indicator Lamp<-Engine Control Module : MIL=off
00> [151192] #3124 OK  5B pri=7 Security Indicator Lamp<-Instrument Cluster Panel : SIL=off
00> [151218] #3125 OK  7B pri=1 RPMs<-Engine Control Module : RPM=0
00> [151283] #3126 OK  7B pri=1 RPMs<-Engine Control Module : RPM=0
00> [151295] 110 since the click [151185], L = 1, R = 1.
00> Waiting for a long press [0].
00> [151348] #3127 OK  7B pri=1 RPMs<-Engine Control Module : RPM=0
00> Blink ON
00> [151405] 220 since the click [151185], L = 1, R = 1.
00> Waiting for a long press [1].
00> [151413] #3128 OK  7B pri=1 RPMs<-Engine Control Module : RPM=0
00> [151477] #3129 OK  7B pri=1 RPMs<-Engine Control Module : RPM=0
00> [151515] 330 since the click [151185], L = 1, R = 1.
00> Waiting for a long press [2].
00> [151542] #3130 OK  7B pri=1 RPMs<-Engine Control Module : RPM=0
00> [151574] #3131 OK  5B pri=3 Engine status<-Engine Control Module : 68 FF 10 03 86
00> Blink OFF
00> [151607] #3132 OK  7B pri=1 RPMs<-Engine Control Module : RPM=0
00> [151625] 440 since the click [151185], L = 1, R = 1.
00> Waiting for a long press [3].
00> [151638] #3133 OK  5B pri=3 Engine status<-HUD : 68 FF 62 03 35
00> [151665] #3134 OK  5B pri=3 Engine status<-Instrument Cluster Panel : 68 FF 61 03 E1
00> [151735] 550 since the click [151185], L = 1, R = 1.
00> Waiting for a long press [4].
00> [151736] #3135 OK  7B pri=1 RPMs<-Engine Control Module : RPM=0
00> [151801] #3136 OK  7B pri=1 RPMs<-Engine Control Module : RPM=0
00> [151845] 660 since the click [151185], L = 1, R = 1.
00> Waiting for a long press [5].
00> [151865] #3137 OK  7B pri=1 RPMs<-Engine Control Module : RPM=0
00> [151930] #3138 OK  7B pri=1 RPMs<-Engine Control Module : RPM=0
00> [151955] 770 since the click [151185], L = 1, R = 1.
00> Waiting for a long press [6].
00> [151995] #3139 OK  7B pri=1 RPMs<-Engine Control Module : RPM=0
00> [152060] #3140 OK  7B pri=1 RPMs<-Engine Control Module : RPM=0
00> [152065] 880 since the click [151185], L = 1, R = 1.
00> Waiting for a long press [7].
00> [152075] #3141 OK  5B pri=3 Malfunction Indicator Lamp<-Engine Control Module : MIL=off
00> [152086] #3142 OK  5B pri=6 Security Indicator Lamp<-Instrument Cluster Panel : SIL=off
00> [152124] #3143 OK  7B pri=1 RPMs<-Engine Control Module : RPM=0
00> [152175] 990 since the click [151185], L = 1, R = 1.
00> Waiting for a long press [8].
00> [152189] #3144 OK  7B pri=1 RPMs<-Engine Control Module : RPM=0
00> [152220] #3145 OK  5B pri=6 Malfunction Indicator Lamp<-Engine Control Module : MIL=off
00> [152233] #3146 OK  5B pri=7 Security Indicator Lamp<-Instrument Cluster Panel : SIL=off
00> [152254] #3147 OK  7B pri=1 RPMs<-Engine Control Module : RPM=0
00> [152285] 1100 since the click [151185], L = 1, R = 1.
00> Check for a long press.
00> Short press.
00> [152318] #3148 OK  7B pri=1 RPMs<-Engine Control Module : RPM=0
00> [152383] #3149 OK  7B pri=1 RPMs<-Engine Control Module : RPM=0
00> [152448] #3150 OK  7B pri=1 RPMs<-Engine Control Module : RPM=0
00> Blink ON
00> [152512] #3151 OK  7B pri=1 RPMs<-Engine Control Module : RPM=0
00> [152577] #3152 OK  7B pri=1 RPMs<-Engine Control Module : RPM=0
00> [152609] #3153 OK  6B pri=1 Engine status<-Engine Control Module : 28 FF 10 01 07 07
00> [152642] #3154 OK  7B pri=1 RPMs<-Engine Control Module : RPM=0
00> Blink OFF
00> [152706] #3155 OK  7B pri=1 RPMs<-Engine Control Module : RPM=0
00> [152836] #3157 OK  7B pri=1 RPMs<-Engine Control Module : RPM=0
00> [152901] #3158 OK  7B pri=1 RPMs<-Engine Control Module : RPM=0
00> [152965] #3159 OK  7B pri=1 RPMs<-Engine Control Module : RPM=0
00> [153030] #3160 OK  7B pri=1 RPMs<-Engine Control Module : RPM=0
00> [153062] #3161 OK  5B pri=3 Malfunction Indicator Lamp<-Engine Control Module : MIL=off
00> [153073] #3162 OK  5B pri=6 Security Indicator Lamp<-Instrument Cluster Panel : SIL=off
00> [153095] #3163 OK  7B pri=1 RPMs<-Engine Control Module : RPM=0
00> [153159] #3164 OK  7B pri=1 RPMs<-Engine Control Module : RPM=0
00> [153224] #3165 OK  7B pri=1 RPMs<-Engine Control Module : RPM=0
00> [153255] #3166 OK  5B pri=6 Malfunction Indicator Lamp<-Engine Control Module : MIL=off
00> [153267] #3167 OK  5B pri=7 Security Indicator Lamp<-Instrument Cluster Panel : SIL=off
00> [153289] #3168 OK  7B pri=1 RPMs<-Engine Control Module : RPM=0
00> [153353] #3169 OK  7B pri=1 RPMs<-Engine Control Module : RPM=0
00> [153418] #3170 OK  7B pri=1 RPMs<-Engine Control Module : RPM=0
00> [153483] #3171 OK  7B pri=1 RPMs<-Engine Control Module : RPM=0
00> [153547] #3172 OK  7B pri=1 RPMs<-Engine Control Module : RPM=0
00> Blink ON
00> [153612] #3173 OK  7B pri=1 RPMs<-Engine Control Module : RPM=0
00> [153628] #3174 OK  5B pri=3 Engine status<-HUD : 68 FF 62 03 35
00> [153644] #3175 OK  5B pri=3 Engine status<-Engine Control Module : 68 FF 10 03 86
00> [153656] #3176 OK  5B pri=3 Engine status<-Instrument Cluster Panel : 68 FF 61 03 E1
00> [153677] #3177 OK  7B pri=1 RPMs<-Engine Control Module : RPM=0
00> [153742] #3178 OK  7B pri=1 RPMs<-Engine Control Module : RPM=0
00> Blink OFF
00> [153806] #3179 OK  7B pri=1 RPMs<-Engine Control Module : RPM=0
00> [153871] #3180 OK  7B pri=1 RPMs<-Engine Control Module : RPM=0
00> [153935] #3181 OK  7B pri=1 RPMs<-Engine Control Module : RPM=0
00> [154000] #3182 OK  7B pri=1 RPMs<-Engine Control Module : RPM=0
00> [154048] #3183 OK  5B pri=3 Malfunction Indicator Lamp<-Engine Control Module : MIL=off
00> [154060] #3184 OK  5B pri=6 Security Indicator Lamp<-Instrument Cluster Panel : SIL=off
00> [154130] #3185 OK  7B pri=1 RPMs<-Engine Control Module : RPM=0
00> [154194] #3186 OK  7B pri=1 RPMs<-Engine Control Module : RPM=0
00> [154259] #3187 OK  7B pri=1 RPMs<-Engine Control Module : RPM=0
00> [154291] #3188 OK  5B pri=6 Malfunction Indicator Lamp<-Engine Control Module : MIL=off
00> [154301] #3189 OK  5B pri=7 Security Indicator Lamp<-Instrument Cluster Panel : SIL=off
00> [154324] #3190 OK  7B pri=1 RPMs<-Engine Control Module : RPM=0
00> [154389] #3191 OK  7B pri=1 RPMs<-Engine Control Module : RPM=0
00> [154453] #3192 OK  7B pri=1 RPMs<-Engine Control Module : RPM=0
00> [154518] #3193 OK  7B pri=1 RPMs<-Engine Control Module : RPM=0
00> [154583] #3194 OK  7B pri=1 RPMs<-Engine Control Module : RPM=0
00> [154613] #3195 OK  6B pri=1 Engine status<-Engine Control Module : 28 FF 10 01 07 07
00> [154647] #3196 OK  7B pri=1 RPMs<-Engine Control Module : RPM=0
00> Blink ON
00> [154712] #3197 OK  7B pri=1 RPMs<-Engine Control Module : RPM=0
00> [154777] #3198 OK  7B pri=1 RPMs<-Engine Control Module : RPM=0
00> [154841] #3199 OK  7B pri=1 RPMs<-Engine Control Module : RPM=0
00> Blink OFF
00> [154906] #3200 OK  7B pri=1 RPMs<-Engine Control Module : RPM=0
00> [154971] #3201 OK  7B pri=1 RPMs<-Engine Control Module : RPM=0
00> [155035] #3202 OK  7B pri=1 RPMs<-Engine Control Module : RPM=0
00> [155048] #3203 OK  5B pri=6 Security Indicator Lamp<-Instrument Cluster Panel : SIL=off
00> [155100] #3204 OK  7B pri=1 RPMs<-Engine Control Module : RPM=0
00> [155165] #3205 OK  7B pri=1 RPMs<-Engine Control Module : RPM=0
00> [155230] #3206 OK  7B pri=1 RPMs<-Engine Control Module : RPM=0
00> [155278] Left switch activated.
00> [155294] #3207 OK  7B pri=1 RPMs<-Engine Control Module : RPM=0
00> [155326] #3208 OK  5B pri=6 Malfunction Indicator Lamp<-Engine Control Module : MIL=off
00> [155335] #3209 OK  5B pri=7 Security Indicator Lamp<-Instrument Cluster Panel : SIL=off
00> [155359] #3210 OK  7B pri=1 RPMs<-Engine Control Module : RPM=0
00> [155388] 110 since the click [155278], L = 0, R = 1.
00> LT was pressed for 110.
00> Left Side toggle
00> Left side off
00> [155424] #3211 OK  7B pri=1 RPMs<-Engine Control Module : RPM=0
00> [155488] #3212 OK  7B pri=1 RPMs<-Engine Control Module : RPM=0
00> [155499] 110 since the click [155389], L = 1, R = 1.
00> Waiting for a long press [0].
00> [155553] #3213 OK  7B pri=1 RPMs<-Engine Control Module : RPM=0
00> [155609] 220 since the click [155389], L = 1, R = 1.
00> Waiting for a long press [1].
00> [155618] #3214 OK  7B pri=1 RPMs<-Engine Control Module : RPM=0
00> [155645] #3215 OK  5B pri=3 Engine status<-Instrument Cluster Panel : 68 FF 61 03 E1
00> [155682] #3216 OK  7B pri=1 RPMs<-Engine Control Module : RPM=0
00> [155714] #3217 OK  5B pri=3 Engine status<-Engine Control Module : 68 FF 10 03 86
00> [155719] 330 since the click [155389], L = 1, R = 1.
00> Waiting for a long press [2].
00> [155747] #3218 OK  7B pri=1 RPMs<-Engine Control Module : RPM=0
00> [155812] #3219 OK  7B pri=1 RPMs<-Engine Control Module : RPM=0
00> [155829] 440 since the click [155389], L = 1, R = 1.
00> Waiting for a long press [3].
00> [155877] #3220 OK  7B pri=1 RPMs<-Engine Control Module : RPM=0
00> [155939] 550 since the click [155389], L = 1, R = 1.
00> Waiting for a long press [4].
00> [155941] #3221 OK  7B pri=1 RPMs<-Engine Control Module : RPM=0
00> [156006] #3222 OK  7B pri=1 RPMs<-Engine Control Module : RPM=0
00> [156021] #3223 OK  5B pri=3 Malfunction Indicator Lamp<-Engine Control Module : MIL=off
00> [156035] #3224 OK  5B pri=6 Security Indicator Lamp<-Instrument Cluster Panel : SIL=off
00> [156049] 660 since the click [155389], L = 1, R = 1.
00> Waiting for a long press [5].
00> [156071] #3225 OK  7B pri=1 RPMs<-Engine Control Module : RPM=0
00> [156135] #3226 OK  7B pri=1 RPMs<-Engine Control Module : RPM=0
00> [156159] 770 since the click [155389], L = 1, R = 1.
00> Waiting for a long press [6].
00> [156200] #3227 OK  7B pri=1 RPMs<-Engine Control Module : RPM=0
00> [156265] #3228 OK  7B pri=1 RPMs<-Engine Control Module : RPM=0
00> [156269] 880 since the click [155389], L = 1, R = 1.
00> Waiting for a long press [7].
00> [156329] #3229 OK  7B pri=1 RPMs<-Engine Control Module : RPM=0
00> [156361] #3230 OK  5B pri=6 Malfunction Indicator Lamp<-Engine Control Module : MIL=off
00> [156369] #3231 OK  5B pri=7 Security Indicator Lamp<-Instrument Cluster Panel : SIL=off
00> [156379] 990 since the click [155389], L = 1, R = 1.
00> Waiting for a long press [8].
00> [156394] #3232 OK  7B pri=1 RPMs<-Engine Control Module : RPM=0
00> [156459] #3233 OK  7B pri=1 RPMs<-Engine Control Module : RPM=0
00> [156489] 1100 since the click [155389], L = 1, R = 1.
00> Check for a long press.
00> Short press.
00> [156523] #3234 OK  7B pri=1 RPMs<-Engine Control Module : RPM=0
00> [156588] #3235 OK  7B pri=1 RPMs<-Engine Control Module : RPM=0
00> [156618] #3236 OK  6B pri=1 Engine status<-Engine Control Module : 28 FF 10 01 07 07
00> [156653] #3237 OK  7B pri=1 RPMs<-Engine Control Module : RPM=0
00> [156718] #3238 OK  7B pri=1 RPMs<-Engine Control Module : RPM=0
00> [156782] #3239 OK  7B pri=1 RPMs<-Engine Control Module : RPM=0
00> [156825] Left switch activated.
00> [156847] #3240 OK  7B pri=1 RPMs<-Engine Control Module : RPM=0
00> [156912] #3241 OK  7B pri=1 RPMs<-Engine Control Module : RPM=0
00> [156935] 110 since the click [156825], L = 0, R = 1.
00> LT was pressed for 110.
00> Left Side toggle
00> Right side off
00> [156976] #3242 OK  7B pri=1 RPMs<-Engine Control Module : RPM=0
00> [157008] #3243 OK  5B pri=3 Malfunction Indicator Lamp<-Engine Control Module : MIL=off
00> [157014] #3244 OK  5B pri=6 Security Indicator Lamp<-Instrument Cluster Panel : SIL=off
00> [157041] #3245 OK  7B pri=1 RPMs<-Engine Control Module : RPM=0
00> [157045] 110 since the click [156935], L = 1, R = 1.
00> Waiting for a long press [0].
00> [157106] #3246 OK  7B pri=1 RPMs<-Engine Control Module : RPM=0
00> [157155] 220 since the click [156935], L = 1, R = 1.
00> Waiting for a long press [1].
00> [157171] #3247 OK  7B pri=1 RPMs<-Engine Control Module : RPM=0
00> [157235] #3248 OK  7B pri=1 RPMs<-Engine Control Module : RPM=0
00> [157265] 330 since the click [156935], L = 1, R = 1.
00> Waiting for a long press [2].
00> Blink ON
00> [157300] #3249 OK  7B pri=1 RPMs<-Engine Control Module : RPM=0
00> [157365] #3250 OK  7B pri=1 RPMs<-Engine Control Module : RPM=0
00> [157375] 440 since the click [156935], L = 1, R = 1.
00> Waiting for a long press [3].
00> [157396] #3251 OK  5B pri=6 Malfunction Indicator Lamp<-Engine Control Module : MIL=off
00> [157403] #3252 OK  5B pri=7 Security Indicator Lamp<-Instrument Cluster Panel : SIL=off
00> [157429] #3253 OK  7B pri=1 RPMs<-Engine Control Module : RPM=0
00> [157485] 550 since the click [156935], L = 1, R = 1.
00> Waiting for a long press [4].
00> [157494] #3254 OK  7B pri=1 RPMs<-Engine Control Module : RPM=0
00> Blink OFF
00> [157559] #3255 OK  7B pri=1 RPMs<-Engine Control Module : RPM=0
00> [157595] 660 since the click [156935], L = 1, R = 1.
00> Waiting for a long press [5].
00> [157608] #3256 OK  5B pri=3 Engine status<-HUD : 68 FF 62 03 35
00> [157624] #3257 OK  7B pri=1 RPMs<-Engine Control Module : RPM=0
00> [157636] #3258 OK  5B pri=3 Engine status<-Instrument Cluster Panel : 68 FF 61 03 E1
00> [157688] #3259 OK  7B pri=1 RPMs<-Engine Control Module : RPM=0
00> [157705] 770 since the click [156935], L = 1, R = 1.
00> Waiting for a long press [6].
00> [157753] #3260 OK  7B pri=1 RPMs<-Engine Control Module : RPM=0
00> [157785] #3261 OK  5B pri=3 Engine status<-Engine Control Module : 68 FF 10 03 86
00> [157815] 880 since the click [156935], L = 1, R = 1.
00> Waiting for a long press [7].
00> [157818] #3262 OK  7B pri=1 RPMs<-Engine Control Module : RPM=0
00> [157882] #3263 OK  7B pri=1 RPMs<-Engine Control Module : RPM=0
00> [157925] 990 since the click [156935], L = 1, R = 1.
00> Waiting for a long press [8].
00> [157947] #3264 OK  7B pri=1 RPMs<-Engine Control Module : RPM=0
00> [157995] #3265 OK  5B pri=3 Malfunction Indicator Lamp<-Engine Control Module : MIL=off
00> [158001] #3266 OK  5B pri=6 Security Indicator Lamp<-Instrument Cluster Panel : SIL=off
00> [158012] #3267 OK  7B pri=1 RPMs<-Engine Control Module : RPM=0
00> [158035] 1100 since the click [156935], L = 1, R = 1.
00> Check for a long press.
00> Short press.
00> [158076] #3268 OK  7B pri=1 RPMs<-Engine Control Module : RPM=0
00> [158141] #3269 OK  7B pri=1 RPMs<-Engine Control Module : RPM=0
00> [158206] #3270 OK  7B pri=1 RPMs<-Engine Control Module : RPM=0
00> [158270] #3271 OK  7B pri=1 RPMs<-Engine Control Module : RPM=0
00> [158335] #3272 OK  7B pri=1 RPMs<-Engine Control Module : RPM=0
00> Blink ON
00> [158400] #3273 OK  7B pri=1 RPMs<-Engine Control Module : RPM=0
00> [158431] #3274 OK  5B pri=6 Malfunction Indicator Lamp<-Engine Control Module : MIL=off
00> [158444] #3275 OK  5B pri=7 Security Indicator Lamp<-Instrument Cluster Panel : SIL=off
00> [158464] #3276 OK  7B pri=1 RPMs<-Engine Control Module : RPM=0
00> [158529] #3277 OK  7B pri=1 RPMs<-Engine Control Module : RPM=0
00> Blink OFF
00> [158594] #3278 OK  7B pri=1 RPMs<-Engine Control Module : RPM=0
00> [158622] #3279 OK  6B pri=1 Engine status<-Engine Control Module : 28 FF 10 01 07 07
00> [158658] #3280 OK  7B pri=1 RPMs<-Engine Control Module : RPM=0
00> [158723] #3281 OK  7B pri=1 RPMs<-Engine Control Module : RPM=0
00> [158788] #3282 OK  7B pri=1 RPMs<-Engine Control Module : RPM=0
00> [158852] Left switch activated.
00> [158853] #3283 OK  7B pri=1 RPMs<-Engine Control Module : RPM=0
00> [158917] #3284 OK  7B pri=1 RPMs<-Engine Control Module : RPM=0
00> [158962] 110 since the click [158852], L = 0, R = 1.
00> LT was pressed for 110.
00> Left Side toggle
00> Left side off
00> [158982] #3285 OK  7B pri=1 RPMs<-Engine Control Module : RPM=0
00> [158996] #3286 OK  5B pri=6 Security Indicator Lamp<-Instrument Cluster Panel : SIL=off
00> [159047] #3287 OK  7B pri=1 RPMs<-Engine Control Module : RPM=0
00> [159072] 110 since the click [158962], L = 1, R = 1.
00> Waiting for a long press [0].
00> [159111] #3288 OK  7B pri=1 RPMs<-Engine Control Module : RPM=0
00> [159176] #3289 OK  7B pri=1 RPMs<-Engine Control Module : RPM=0
00> [159182] 220 since the click [158962], L = 1, R = 1.
00> Waiting for a long press [1].
00> [159241] #3290 OK  7B pri=1 RPMs<-Engine Control Module : RPM=0
00> [159292] 330 since the click [158962], L = 1, R = 1.
00> Waiting for a long press [2].
00> [159306] #3291 OK  7B pri=1 RPMs<-Engine Control Module : RPM=0
00> [159370] #3292 OK  7B pri=1 RPMs<-Engine Control Module : RPM=0
00> [159402] 440 since the click [158962], L = 1, R = 1.
00> Waiting for a long press [3].
00> [159435] #3293 OK  7B pri=1 RPMs<-Engine Control Module : RPM=0
00> [159467] #3294 OK  5B pri=6 Malfunction Indicator Lamp<-Engine Control Module : MIL=off
00> [159478] #3295 OK  5B pri=7 Security Indicator Lamp<-Instrument Cluster Panel : SIL=off
00> [159500] #3296 OK  7B pri=1 RPMs<-Engine Control Module : RPM=0
00> [159512] 550 since the click [158962], L = 1, R = 1.
00> Waiting for a long press [4].
00> [159564] #3297 OK  7B pri=1 RPMs<-Engine Control Module : RPM=0
00> [159598] #3298 OK  5B pri=3 Engine status<-HUD : 68 FF 62 03 35
00> [159622] 660 since the click [158962], L = 1, R = 1.
00> Waiting for a long press [5].
00> [159625] #3299 OK  5B pri=3 Engine status<-Instrument Cluster Panel : 68 FF 61 03 E1
00> [159694] #3300 OK  7B pri=1 RPMs<-Engine Control Module : RPM=0
00> [159732] 770 since the click [158962], L = 1, R = 1.
00> Waiting for a long press [6].
00> [159759] #3301 OK  7B pri=1 RPMs<-Engine Control Module : RPM=0
00> [159823] #3302 OK  7B pri=1 RPMs<-Engine Control Module : RPM=0
00> [159842] 880 since the click [158962], L = 1, R = 1.
00> Waiting for a long press [7].
00> [159855] #3303 OK  5B pri=3 Engine status<-Engine Control Module : 68 FF 10 03 86
00> [159888] #3304 OK  7B pri=1 RPMs<-Engine Control Module : RPM=0
00> [159952] 990 since the click [158962], L = 1, R = 1.
00> Waiting for a long press [8].
00> [159953] #3305 OK  7B pri=1 RPMs<-Engine Control Module : RPM=0
00> [159968] #3306 OK  5B pri=3 Malfunction Indicator Lamp<-Engine Control Module : MIL=off
00> [159976] #3307 OK  5B pri=6 Security Indicator Lamp<-Instrument Cluster Panel : SIL=off
00> [160017] #3308 OK  7B pri=1 RPMs<-Engine Control Module : RPM=0
00> [160062] 1100 since the click [158962], L = 1, R = 1.
00> Check for a long press.
00> Short press.
00> [160082] #3309 OK  7B pri=1 RPMs<-Engine Control Module : RPM=0
00> [160147] #3310 OK  7B pri=1 RPMs<-Engine Control Module : RPM=0
00> [160211] #3311 OK  7B pri=1 RPMs<-Engine Control Module : RPM=0
00> [160276] #3312 OK  7B pri=1 RPMs<-Engine Control Module : RPM=0
00> [160341] #3313 OK  7B pri=1 RPMs<-Engine Control Module : RPM=0
00> [160348] Periodic SIL clear -> IPC
00> [160406] #3314 OK  7B pri=1 RPMs<-Engine Control Module : RPM=0
00> [160470] #3315 OK  7B pri=1 RPMs<-Engine Control Module : RPM=0
00> [160502] #3316 OK  5B pri=6 Malfunction Indicator Lamp<-Engine Control Module : MIL=off
00> [160512] #3317 OK  5B pri=7 Security Indicator Lamp<-Instrument Cluster Panel : SIL=off
00> [160535] #3318 OK  7B pri=1 RPMs<-Engine Control Module : RPM=0
00> [160599] #3319 OK  7B pri=1 RPMs<-Engine Control Module : RPM=0
00> [160625] #3320 OK  6B pri=1 Engine status<-Engine Control Module : 28 FF 10 01 07 07
00> [160664] #3321 OK  7B pri=1 RPMs<-Engine Control Module : RPM=0
00> [160729] #3322 OK  7B pri=1 RPMs<-Engine Control Module : RPM=0
00> [160794] #3323 OK  7B pri=1 RPMs<-Engine Control Module : RPM=0
00> [160858] #3324 OK  7B pri=1 RPMs<-Engine Control Module : RPM=0
00> [160923] #3325 OK  7B pri=1 RPMs<-Engine Control Module : RPM=0
00> [160954] #3326 OK  5B pri=3 Malfunction Indicator Lamp<-Engine Control Module : MIL=off
00> [160963] #3327 OK  5B pri=6 Security Indicator Lamp<-Instrument Cluster Panel : SIL=off
00> [160988] #3328 OK  7B pri=1 RPMs<-Engine Control Module : RPM=0
00> [161052] #3329 OK  7B pri=1 RPMs<-Engine Control Module : RPM=0
00> [161117] #3330 OK  7B pri=1 RPMs<-Engine Control Module : RPM=0
00> [161182] #3331 OK  7B pri=1 RPMs<-Engine Control Module : RPM=0
00> [161247] #3332 OK  7B pri=1 RPMs<-Engine Control Module : RPM=0
00> [161311] #3333 OK  7B pri=1 RPMs<-Engine Control Module : RPM=0
00> [161376] #3334 OK  7B pri=1 RPMs<-Engine Control Module : RPM=0
00> [161441] #3335 OK  7B pri=1 RPMs<-Engine Control Module : RPM=0
00> [161505] #3336 OK  7B pri=1 RPMs<-Engine Control Module : RPM=0
00> [161537] #3337 OK  5B pri=6 Malfunction Indicator Lamp<-Engine Control Module : MIL=off
00> [161546] #3338 OK  5B pri=7 Security Indicator Lamp<-Instrument Cluster Panel : SIL=off
00> [161570] #3339 OK  7B pri=1 RPMs<-Engine Control Module : RPM=0
00> [161588] #3340 OK  5B pri=3 Engine status<-HUD : 68 FF 62 03 35
00> [161615] #3341 OK  5B pri=3 Engine status<-Instrument Cluster Panel : 68 FF 61 03 E1
00> [161635] #3342 OK  7B pri=1 RPMs<-Engine Control Module : RPM=0
00> [161699] #3343 OK  7B pri=1 RPMs<-Engine Control Module : RPM=0
00> [161764] #3344 OK  7B pri=1 RPMs<-Engine Control Module : RPM=0
00> [161829] #3345 OK  7B pri=1 RPMs<-Engine Control Module : RPM=0
00> [161894] #3346 OK  7B pri=1 RPMs<-Engine Control Module : RPM=0
00> [161925] #3347 OK  5B pri=3 Engine status<-Engine Control Module : 68 FF 10 03 86
00> [161941] #3348 OK  5B pri=3 Malfunction Indicator Lamp<-Engine Control Module : MIL=off
00> [161950] #3349 OK  5B pri=6 Security Indicator Lamp<-Instrument Cluster Panel : SIL=off
00> [161958] #3350 OK  7B pri=1 RPMs<-Engine Control Module : RPM=0
00> [162023] #3351 OK  7B pri=1 RPMs<-Engine Control Module : RPM=0
00> [162088] #3352 OK  7B pri=1 RPMs<-Engine Control Module : RPM=0
00> [162152] #3353 OK  7B pri=1 RPMs<-Engine Control Module : RPM=0
00> [162217] #3354 OK  7B pri=1 RPMs<-Engine Control Module : RPM=0
00> [162282] #3355 OK  7B pri=1 RPMs<-Engine Control Module : RPM=0
00> [162346] #3356 OK  7B pri=1 RPMs<-Engine Control Module : RPM=0
00> [162411] #3357 OK  7B pri=1 RPMs<-Engine Control Module : RPM=0
00> [162476] #3358 OK  7B pri=1 RPMs<-Engine Control Module : RPM=0
00> [162540] #3359 OK  7B pri=1 RPMs<-Engine Control Module : RPM=0
00> [162572] #3360 OK  5B pri=6 Malfunction Indicator Lamp<-Engine Control Module : MIL=off
00> [162580] #3361 OK  5B pri=7 Security Indicator Lamp<-Instrument Cluster Panel : SIL=off
00> [162605] #3362 OK  7B pri=1 RPMs<-Engine Control Module : RPM=0
(Connection lost)

# Logging stopped @ 31 May 2026 19:24:25
